%time,seq,stamp,frame_id,x,y,z
0,0,0,world,0.0,0.0,0.0
42813033,1,50000000,world,2.9106113075272333e-08,-3.8193270768260845e-09,4.444562051730827e-08
101452508,2,100000000,world,2.74031055624846e-08,-4.10983647114449e-09,4.3640390856580786e-08
132821804,3,150000000,world,3.3159494705614634e-08,-2.880431226870428e-09,4.510942375191007e-08
198701908,4,200000000,world,3.1743937256578654e-08,-2.531512111048073e-09,4.484202520416147e-08
235294895,5,250000000,world,3.192012343333772e-08,-2.603588455940553e-09,4.563141331459519e-08
300380504,6,300000000,world,3.1684695755984655e-08,-2.6578339529237383e-09,4.561018229765068e-08
330173566,7,350000000,world,3.1449268078631576e-08,-2.7120794499069234e-09,4.5588951280706176e-08
399230262,8,400000000,world,3.118014291203508e-08,-2.788084207949737e-09,4.5459323416707775e-08
431923476,9,450000000,world,3.0911017745438585e-08,-2.86408896599255e-09,4.532969555270938e-08
496603046,10,500000000,world,3.064189257884209e-08,-2.940093724035364e-09,4.5200067688710994e-08
532746466,11,550000000,world,3.036308982018454e-08,-3.0175497656159678e-09,4.50562609444205e-08
602852828,12,600000000,world,3.02089517845161e-08,-3.1113929210846436e-09,4.46141221743801e-08
641944625,13,650000000,world,3.2180309972318355e-08,-2.645595964523295e-09,4.57118360941422e-08
697725367,14,700000000,world,3.3711046398821054e-08,-2.705896173793576e-09,4.5107569235369744e-08
735845603,15,750000000,world,3.059793485249429e-08,-2.015552613698901e-09,4.5662623904263455e-08
799138305,16,800000000,world,3.057636632775029e-08,-3.270490989137897e-09,4.506621209543482e-08
838403850,17,850000000,world,3.107078683228792e-08,-2.181071989681982e-09,4.5700463857656366e-08
898967434,18,900000000,world,3.1421400592535065e-08,-1.1390715037862263e-09,4.617526272454597e-08
933334490,19,950000000,world,3.155738426130483e-08,-3.015967198205516e-10,4.619398197291957e-08
1003388918,20,1000000000,world,3.16933679300746e-08,5.358778976116696e-10,4.621270122129317e-08
1036685882,21,1050000000,world,3.1829351598844375e-08,1.3733525427994662e-09,4.623142046966677e-08
1107236723,22,1100000000,world,2.9792291300623223e-08,-6.645913819269821e-10,4.370396666786292e-08
1134834592,23,1150000000,world,3.39119559100709e-08,-2.721044278786166e-09,4.477725212836958e-08
1203323931,24,1200000000,world,3.1679785905680546e-08,-2.854769309834637e-09,4.5588475217073217e-08
1237719340,25,1250000000,world,2.969008683351149e-08,-3.0738220857529086e-09,4.5982258001231464e-08
1298690103,26,1300000000,world,3.05780076814699e-08,-3.3181550840311043e-09,4.525588437331862e-08
1337428043,27,1350000000,world,3.0953277274647923e-08,-2.1728754351357793e-09,4.5554212846354865e-08
1397194903,28,1400000000,world,3.1328546867825935e-08,-1.0275957862404539e-09,4.585254131939109e-08
1436413350,29,1450000000,world,3.170381646100395e-08,1.1768387653265933e-10,4.6150869792427336e-08
1497421712,30,1500000000,world,2.9851179306206184e-08,-1.211498235065278e-09,4.3882415923235385e-08
1533243339,31,1550000000,world,3.3756524686623386e-08,-2.683589350738202e-09,4.5157186434607866e-08
1601812642,32,1600000000,world,3.3743980054623535e-08,-2.7248092671072754e-09,4.4983266889175866e-08
1632952194,33,1650000000,world,9.65437211561948e-05,-0.0010696443496271,0.0218299701809883
1703160985,34,1700000000,world,-0.0015052224043756,0.0006207397673279,0.058295652270317
1740959751,35,1750000000,world,0.0009727841243147,-0.000655222160276,0.0956973806023597
1800339039,36,1800000000,world,0.0023589946795254,0.0001761661260388,0.133303627371788
1849608597,37,1850000000,world,0.0068760765716433,-0.0007045977399684,0.1719312816858291
1901531286,38,1900000000,world,0.0094681922346353,0.0004566027782857,0.2146709561347961
1946283806,39,1950000000,world,0.0178210157901048,-0.0013167698634788,0.2528244853019714
2003450820,40,2000000000,world,0.0254474747925996,0.000648514018394,0.2912669777870178
2034843931,41,2050000000,world,0.0322618708014488,-9.182001667795704e-05,0.3271993994712829
2102002329,42,2100000000,world,0.0451042726635932,0.0012422183062881,0.3589480817317962
2132012258,43,2150000000,world,0.0566721372306346,-0.0006738851079717,0.3966675698757171
2201421332,44,2200000000,world,0.0505836941301822,-0.0009580257465131,0.3858571648597717
2230463019,45,2250000000,world,0.0395976230502128,0.0010504586389288,0.3508970737457275
2301949995,46,2300000000,world,0.029588583856821,0.0005116702523082,0.3148611485958099
2333359737,47,2350000000,world,0.0216488596051931,0.001545222941786,0.2780352830886841
2401374731,48,2400000000,world,0.0151186399161815,0.0014514426002278,0.2407440543174743
2433761713,49,2450000000,world,0.0045733861625194,0.0001464153465349,0.2007704079151153
2503788252,50,2500000000,world,0.0028159487992525,5.5233860621228814e-05,0.1671820431947708
2535510871,51,2550000000,world,-0.0016969820717349,-0.0010680564446374,0.1278059184551239
2597974092,52,2600000000,world,-0.0032446663826704,0.0002525206364225,0.0898874551057815
2637220916,53,2650000000,world,-0.003847733605653,-0.0010143304243683,0.050698596984148
2699244442,54,2700000000,world,-0.0041639916598796,0.0001799254387151,0.0143287070095539
2734913235,55,2750000000,world,-0.0010008580284193,-0.0004054105666,-0.0251572784036397
2800709189,56,2800000000,world,-0.0010215017246082,-0.0014349503908306,-0.0680313631892204
2831055729,57,2850000000,world,0.0058098793961107,-0.001546066137962,-0.106349378824234
2896628416,58,2900000000,world,0.0093818912282586,-0.0026337995659559,-0.1495425701141357
2930976573,59,2950000000,world,0.0196206606924533,-0.0016337821725755,-0.1832654923200607
2999642624,60,3000000000,world,0.0252617895603179,0.0023264882620424,-0.2258535921573639
3033552104,61,3050000000,world,0.0352256707847118,0.0030067751649767,-0.2638645768165588
3097939797,62,3100000000,world,0.0447042770683765,0.0026425435207784,-0.3000279068946838
3130868271,63,3150000000,world,0.0527463741600513,0.0001634718792047,-0.333456814289093
3200920651,64,3200000000,world,0.0560567416250705,-0.0040977615863084,-0.3776365220546722
3239532960,65,3250000000,world,0.0688977167010307,-0.0055242874659597,-0.416267454624176
3299942658,66,3300000000,world,0.0779483541846275,-0.0073772836476564,-0.4546549618244171
3332041797,67,3350000000,world,0.092674471437931,-0.0055993543937802,-0.4903951287269592
3398443185,68,3400000000,world,0.1078811958432197,-0.0065147262066602,-0.5284544825553894
3434068600,69,3450000000,world,0.0945273116230964,-0.0075845206156373,-0.4976514279842376
3498592552,70,3500000000,world,0.0792431533336639,-0.0053459298796951,-0.4618338942527771
3533319505,71,3550000000,world,0.0640267580747604,-0.0052417246624827,-0.4223366975784302
3596543764,72,3600000000,world,0.049623005092144,-0.0047614001668989,-0.3840295374393463
3630844562,73,3650000000,world,0.0389609672129154,-0.0045077260583639,-0.3460675179958343
3699644903,74,3700000000,world,0.0284471213817596,-0.0045114513486623,-0.309819608926773
3736052632,75,3750000000,world,0.0203245673328638,-0.0016757041448727,-0.2697097957134247
3799115701,76,3800000000,world,0.0106619391590356,-0.0030352622270584,-0.2315931171178817
3831838063,77,3850000000,world,0.0032858597114682,0.0001645856536924,-0.1935401111841201
3897720454,78,3900000000,world,-0.0018391818739473,-0.0003514328855089,-0.1554867327213287
3932932072,79,3950000000,world,-0.0066317445598542,0.0013376614078879,-0.115905188024044
3999513738,80,4000000000,world,-0.0124260652810335,0.0003817365795839,-0.0759198144078254
4038714677,81,4050000000,world,-0.0183407552540302,0.0005560956196859,-0.0357664115726947
4102411381,82,4100000000,world,-0.0217273440212011,-0.0001386273797834,0.0018276456976309
4135119045,83,4150000000,world,-0.0245545338839292,0.0007189200841821,0.0401110053062438
4199219971,84,4200000000,world,-0.0235586240887641,-0.0011513270437717,0.0798533633351326
4240529244,85,4250000000,world,-0.0228265058249235,0.0019194782944396,0.1171594858169555
4300048185,86,4300000000,world,-0.0259677562862634,0.0015973773552104,0.1583407670259475
4339130056,87,4350000000,world,-0.029248297214508,0.0015876442193984,0.1963391005992889
4401598651,88,4400000000,world,-0.0371080115437507,0.0001199422549689,0.236311987042427
4438788259,89,4450000000,world,-0.0407500304281711,0.0016218189848586,0.2739298343658447
4499079594,90,4500000000,world,-0.048241164535284,0.0003897794231306,0.3125258386135101
4535625848,91,4550000000,world,-0.0564764812588691,0.0004071153525728,0.3504073321819305
4599262169,92,4600000000,world,-0.0652945861220359,0.001077568042092,0.3873568773269653
4642405538,93,4650000000,world,-0.0754857957363128,0.0009138712775893,0.4243448376655578
4707367216,94,4700000000,world,-0.0876786187291145,0.0005395871121436,0.4609827697277069
4738898543,95,4750000000,world,-0.1008434370160102,0.0001807602529879,0.4970695078372955
4801807789,96,4800000000,world,-0.0884358584880828,0.000669848290272,0.46464803814888
4838945016,97,4850000000,world,-0.0747559666633606,0.0015551035758107,0.4252119660377502
4911640008,98,4900000000,world,-0.0638882890343666,0.0014489027671515,0.3884017467498779
4946344145,99,4950000000,world,-0.0531718209385871,0.0016503422521054,0.3509435057640075
5009223867,100,5000000000,world,-0.0437609404325485,0.0012520725140348,0.3140842020511627
5039929364,101,5050000000,world,-0.036502219736576,0.0006138655589893,0.2768047749996185
5105262241,102,5100000000,world,-0.0302620567381382,0.000418639392592,0.2384024113416671
5137398789,103,5150000000,world,-0.0238147750496864,0.0005226161447353,0.1997566968202591
5204606525,104,5200000000,world,-0.0199718456715345,0.0011111869243904,0.160943791270256
5233566988,105,5250000000,world,-0.0161490179598331,0.0009933032561093,0.1226250231266021
5300351014,106,5300000000,world,-0.0176394470036029,0.0015375938965007,0.0847383439540863
5333310554,107,5350000000,world,-0.0170546788722276,0.00042028183816,0.0458224266767501
5409229271,108,5400000000,world,-0.019027080386877,-0.0002951015194412,0.0074271922931075
5435358480,109,5450000000,world,-0.0236817710101604,1.4013381587574258e-05,-0.0301503725349903
5507769162,110,5500000000,world,-0.027515847235918,0.0004512852174229,-0.0688574239611625
5532757951,111,5550000000,world,-0.0328834503889083,0.0012118952581658,-0.1060506999492645
5601250485,112,5600000000,world,-0.0420956015586853,0.0011888346634805,-0.1465179324150085
5635424110,113,5650000000,world,-0.0479797348380088,0.0005038365488871,-0.1743227988481521
5706337805,114,5700000000,world,-0.0390324816107749,0.0005752461729571,-0.137537732720375
5737565349,115,5750000000,world,-0.030689425766468,0.0006315401406027,-0.0998900681734085
5801738034,116,5800000000,world,-0.0254645608365535,0.0004092010494787,-0.0593380816280841
5832967745,117,5850000000,world,-0.0198327768594026,0.0007946996483951,-0.0214272737503051
5901315124,118,5900000000,world,-0.0164857171475887,-3.7732341297669336e-05,0.0189646314829587
5938411957,119,5950000000,world,-0.0145340962335467,0.0009811009513214,0.0568579360842704
6002646742,120,6000000000,world,-0.0150435538962483,0.0015932738315314,0.0952904969453811
6033752228,121,6050000000,world,-0.0163776576519012,0.0009656581678427,0.1346781104803085
6107870899,122,6100000000,world,-0.0169400740414857,0.0002958163095172,0.1664145737886428
6137897833,123,6150000000,world,-0.0167951062321662,0.0001303134922636,0.1664296090602874
6205290181,124,6200000000,world,-0.0167286060750484,0.0002171806700062,0.1664373725652694
6234169859,125,6250000000,world,-0.0169191490858793,0.0004112064198125,0.1668781638145446
6301293382,126,6300000000,world,-0.0173807051032781,7.155750063247979e-05,0.1676050424575805
6337340557,127,6350000000,world,-0.0225018020719289,-2.3766845060890773e-06,0.2063006162643432
6401151267,128,6400000000,world,-0.0265103392302989,-0.0003232084854971,0.2444737702608108
6446039551,129,6450000000,world,-0.0304314643144607,0.0001237004471477,0.2808173298835754
6498745023,130,6500000000,world,-0.0348505452275276,-0.0006237763445824,0.3196443915367126
6538878245,131,6550000000,world,-0.041203711181879,-0.000757165485993,0.3582959473133087
6600694967,132,6600000000,world,-0.0421388559043407,-0.0009562819031998,0.394038438796997
6637094102,133,6650000000,world,-0.0472296476364135,0.0004693717928603,0.4334073662757873
6703926851,134,6700000000,world,-0.0502531975507736,0.0001078147688531,0.4698906540870666
6737655868,135,6750000000,world,-0.0547803118824958,0.0009793023345991,0.508249819278717
6801695465,136,6800000000,world,-0.0584350228309631,-0.0002558290434535,0.5470165014266968
6836390031,137,6850000000,world,-0.0621301643550396,2.756971662165597e-05,0.5841512680053711
6899803812,138,6900000000,world,-0.0672989636659622,-0.0004455100570339,0.622287392616272
6939932914,139,6950000000,world,-0.0707851126790046,0.000397402094677,0.6599742770195007
6997203419,140,7000000000,world,-0.0754022523760795,0.0001317892892984,0.6997960805892944
7037345614,141,7050000000,world,-0.0807960331439971,-0.0001088725402951,0.7358181476593018
7101342787,142,7100000000,world,-0.0848019272089004,0.001190502429381,0.7731739282608032
7141610019,143,7150000000,world,-0.0875789374113082,-0.0002836032072082,0.8117383718490601
7197209117,144,7200000000,world,-0.0901297181844711,0.000534948776476,0.8467981219291687
7239476924,145,7250000000,world,-0.0922086089849472,0.0010084592504426,0.8858617544174194
7307101330,146,7300000000,world,-0.094650499522686,0.0006579251494258,0.9230062961578368
7343160301,147,7350000000,world,-0.0944748818874359,0.0003361621929798,0.961725413799286
7398859607,148,7400000000,world,-0.0946501046419143,0.0003820977872237,1.000011682510376
7432899176,149,7450000000,world,-0.0935864001512527,0.0005348779377527,1.0423980951309204
7506991160,150,7500000000,world,-0.0896945670247078,-0.0002172642853111,1.0757646560668943
7532323602,151,7550000000,world,-0.0830348655581474,0.0003832641523331,1.1144734621047974
7603363019,152,7600000000,world,-0.073658600449562,0.0030010293703526,1.1552799940109253
7634470554,153,7650000000,world,-0.0661354586482048,-3.796868259087205e-05,1.1839306354522705
7701635885,154,7700000000,world,-0.0581661835312843,0.0020457869395613,1.2289808988571167
7730123381,155,7750000000,world,-0.0441090837121009,0.0017102499259635,1.2650885581970217
7804802523,156,7800000000,world,-0.0344760082662105,0.0020113170612603,1.3007584810256958
7838382750,157,7850000000,world,-0.0209172368049621,0.0036103096790611,1.3384358882904053
7903704812,158,7900000000,world,-0.0048145093023777,0.000113897040137,1.367380976676941
7935379472,159,7950000000,world,0.0113260596990585,0.0003743360866792,1.4006637334823608
8002114665,160,8000000000,world,0.0278206318616867,0.0006670233560726,1.4361248016357422
8038414428,161,8050000000,world,0.0467615574598312,8.167093619704247e-05,1.4679811000823977
8092921608,162,8100000000,world,0.0689815878868103,-0.0008717319578863,1.499951958656311
8135714043,163,8150000000,world,0.0901229530572891,-0.0001423133508069,1.5316689014434814
8204558431,164,8200000000,world,0.1104980409145355,-0.002530399011448,1.555652737617493
8238291684,165,8250000000,world,0.1353419423103332,-0.0011171505320817,1.5899887084960938
8298911390,166,8300000000,world,0.1584754884243011,-0.0014087378513067,1.6184123754501345
8338389403,167,8350000000,world,0.1850591450929641,-0.0008985017193481,1.6462814807891846
8401588033,168,8400000000,world,0.2116091102361679,0.0009948986116796,1.6705644130706787
8438431280,169,8450000000,world,0.2369162887334823,-0.0011740176705643,1.6967850923538208
8499945801,170,8500000000,world,0.2625823020935058,-0.0012378506362438,1.7261399030685425
8532191760,171,8550000000,world,0.2890751361846924,8.461851393803954e-05,1.7529029846191406
8597408768,172,8600000000,world,0.3141104578971863,0.0005267456290312,1.7841815948486328
8635834340,173,8650000000,world,0.3382492661476135,0.0001142789406003,1.808745503425598
8697376765,174,8700000000,world,0.360115110874176,-0.0010452632559463,1.8353796005249023
8740105860,175,8750000000,world,0.3851370215415954,-0.0024212810676544,1.862822771072388
8807585438,176,8800000000,world,0.4097508192062378,-0.0026612412184476,1.8895784616470337
8841827908,177,8850000000,world,0.4341204762458801,-0.0013732952065765,1.9178329706192017
8904246418,178,8900000000,world,0.4589016735553741,-0.0024324660189449,1.9429893493652344
8936765111,179,8950000000,world,0.4839389324188232,-0.0042442358098924,1.9693686962127688
8999329157,180,9000000000,world,0.5062990188598633,-0.0003992617421317,1.9967429637908936
9035314726,181,9050000000,world,0.533087968826294,-0.0014733268180862,2.0269696712493896
9099282976,182,9100000000,world,0.5589475631713867,-0.0034723354037851,2.052485466003418
9138089846,183,9150000000,world,0.5866963863372803,-0.0030339574441313,2.080153465270996
9207998520,184,9200000000,world,0.6119668483734131,-0.004432626068592,2.106539249420166
9243069809,185,9250000000,world,0.6375215649604797,-0.0037820122670382,2.132744789123535
9305746141,186,9300000000,world,0.6752404570579529,-0.0043227914720773,2.1658716201782227
9338154052,187,9350000000,world,0.7057762145996094,-0.0053690811619162,2.187041521072388
9399030988,188,9400000000,world,0.7313417196273804,-0.0065117995254695,2.209850788116455
9440816884,189,9450000000,world,0.7631601691246033,-0.0057557369582355,2.232753276824951
9499345809,190,9500000000,world,0.7923330068588257,-0.0066705462522804,2.255862236022949
9535031603,191,9550000000,world,0.8267146348953247,-0.0053448192775249,2.278933525085449
9603080632,192,9600000000,world,0.855132520198822,-0.0070480923168361,2.301307201385498
9637829136,193,9650000000,world,0.8926018476486206,-0.0016959176864475,2.32779598236084
9699140204,194,9700000000,world,0.924582064151764,0.0001650461927056,2.3499624729156494
9738363947,195,9750000000,world,0.95585834980011,0.0004140769888181,2.374819278717041
9801340220,196,9800000000,world,0.9877914190292358,-3.093521809205413e-05,2.397463321685791
9839821280,197,9850000000,world,1.015344500541687,-8.034968050196767e-05,2.4182724952697754
9900894978,198,9900000000,world,1.0518395900726318,0.0013460592599585,2.4435572624206543
9936375104,199,9950000000,world,1.082295536994934,0.0012010392965748,2.467114210128784
10002990189,200,10000000000,world,1.1095411777496338,-0.0003745360299944,2.4879794120788574
10039178884,201,10050000000,world,1.143262267112732,-0.0001445961534045,2.510862350463867
10101787969,202,10100000000,world,1.1680657863616943,-0.0016415207646787,2.528134346008301
10131929515,203,10150000000,world,1.1968430280685425,-0.003869452048093,2.546367645263672
10204931502,204,10200000000,world,1.2310138940811155,-0.002349441871047,2.57136869430542
10238549767,205,10250000000,world,1.2595131397247314,-0.0016928209224715,2.597784996032715
10298607880,206,10300000000,world,1.2909502983093262,-0.0010681346757337,2.613985776901245
10336123585,207,10350000000,world,1.3236013650894165,-2.43097310885787e-05,2.6398186683654785
10410314585,208,10400000000,world,1.3519617319107056,0.000449342187494,2.66289496421814
10437570524,209,10450000000,world,1.3831883668899536,0.0010030519915744,2.689089775085449
10497888609,210,10500000000,world,1.41216778755188,0.0019027499947696,2.7123348712921143
10535699176,211,10550000000,world,1.445160150527954,0.0025141963269561,2.734335899353028
10601927165,212,10600000000,world,1.4762275218963623,0.0036498289555311,2.7597994804382324
10641005854,213,10650000000,world,1.5050145387649536,0.0015922805760055,2.77994966506958
10700639529,214,10700000000,world,1.5350559949874878,0.0008036610670387,2.803520679473877
10734835058,215,10750000000,world,1.5671266317367554,0.0013728271005675,2.8262555599212646
10799513715,216,10800000000,world,1.5974175930023191,0.0041503738611936,2.8501217365264893
10837228588,217,10850000000,world,1.6258283853530884,0.0032581414561718,2.869223594665528
10897888155,218,10900000000,world,1.6567164659500122,0.000588791212067,2.894238948822021
10938654071,219,10950000000,world,1.6895568370819092,0.0025871272664517,2.9146065711975098
11001489206,220,11000000000,world,1.717887282371521,0.0019398003350943,2.939471244812012
11034314179,221,11050000000,world,1.747034192085266,0.0031859062146395,2.956249237060547
11099007220,222,11100000000,world,1.775827407836914,0.0043626883998513,2.9817519187927246
11135799334,223,11150000000,world,1.8074055910110476,0.0038577248342335,3.0049357414245605
11199197696,224,11200000000,world,1.8368806838989256,0.0025324861053377,3.0268540382385254
11236007865,225,11250000000,world,1.8690956830978396,0.0006375113734975,3.045793056488037
11304363118,226,11300000000,world,1.900133728981018,0.0018236325122416,3.069949150085449
11338645904,227,11350000000,world,1.9295239448547363,0.0003348656464368,3.091629981994629
11402826420,228,11400000000,world,1.9707399606704712,0.0068753901869058,3.1247663497924805
11435691342,229,11450000000,world,1.999723553657532,0.0024423375725746,3.144742488861084
11502199499,230,11500000000,world,2.0321292877197266,0.0062821335159242,3.171595573425293
11538810292,231,11550000000,world,2.063112258911133,0.0061740288510918,3.195488929748535
11602722323,232,11600000000,world,2.096233606338501,0.0082380194216966,3.2189345359802246
11642010755,233,11650000000,world,2.1263961791992188,0.0071917637251317,3.24106764793396
11706624450,234,11700000000,world,2.154001474380493,0.0038805778604,3.261471509933472
11735443432,235,11750000000,world,2.1856369972229004,0.0042616948485374,3.283236026763916
11800893034,236,11800000000,world,2.215230941772461,0.0050140200182795,3.306898832321167
11833515888,237,11850000000,world,2.245790958404541,0.0103596225380897,3.333763599395752
11902002721,238,11900000000,world,2.2760939598083496,0.0073929335922002,3.355045795440674
11938007249,239,11950000000,world,2.308645248413086,0.0080295177176594,3.378314971923828
12000929883,240,12000000000,world,2.3381361961364746,0.0081399772316217,3.400331258773804
12037405989,241,12050000000,world,2.370875120162964,0.0092273410409688,3.425778865814209
12104311914,242,12100000000,world,2.4001522064208984,0.0121670570224523,3.4462380409240723
12148635073,243,12150000000,world,2.4299910068511963,0.0078637041151523,3.4655585289001465
12200864861,244,12200000000,world,2.459282636642456,0.0064611104317009,3.4905617237091064
12239124648,245,12250000000,world,2.4880788326263428,0.0082356389611959,3.5151047706604004
12300911925,246,12300000000,world,2.5227904319763184,0.010938735678792,3.5355048179626465
12338027838,247,12350000000,world,2.5559566020965576,0.0110484324395656,3.5626025199890137
12402122550,248,12400000000,world,2.584296703338623,0.0100880656391382,3.5837273597717285
12447887059,249,12450000000,world,2.617393970489502,0.0096724228933453,3.605735301971436
12503468289,250,12500000000,world,2.647306442260742,0.0074510620906949,3.626148223876953
12536229375,251,12550000000,world,2.679950714111328,0.0068006091751158,3.649789333343506
12600333370,252,12600000000,world,2.709599256515503,0.0091392286121845,3.6723036766052246
12639353922,253,12650000000,world,2.743964433670044,0.0105393659323453,3.699088096618652
12699239740,254,12700000000,world,2.7734389305114746,0.0106206871569156,3.7207937240600586
12734341110,255,12750000000,world,2.8048644065856934,0.0089230518788099,3.742700099945069
12806118990,256,12800000000,world,2.834740161895752,0.010549547150731,3.764771461486816
12837865497,257,12850000000,world,2.863999128341675,0.0085606481879949,3.786870002746582
12907152635,258,12900000000,world,2.89753794670105,0.0056690741330385,3.803498506546021
12937097506,259,12950000000,world,2.930393695831299,0.0062370942905545,3.828542709350586
13009632292,260,13000000000,world,2.9639971256256104,0.0058309668675065,3.8470981121063232
13042764717,261,13050000000,world,2.997781276702881,0.005353083834052,3.865633964538574
13105512383,262,13100000000,world,3.034928321838379,0.0075025698170065,3.879970550537109
13136197640,263,13150000000,world,3.069174528121948,0.0065395189449191,3.89917516708374
13202959432,264,13200000000,world,3.105151653289795,0.0082645695656538,3.917070627212525
13235734652,265,13250000000,world,3.1383755207061768,0.0056272307410836,3.934303522109986
13300918659,266,13300000000,world,3.1700544357299805,0.0050637703388929,3.949285507202149
13334433008,267,13350000000,world,3.2045464515686035,0.0045123528689146,3.9672133922576895
13402223133,268,13400000000,world,3.240874528884888,0.0049526514485478,3.989043951034546
13436563192,269,13450000000,world,3.2752327919006348,0.0069427005946636,4.005514144897461
13502066641,270,13500000000,world,3.3126556873321533,0.0006508384831249,4.019408226013184
13535341893,271,13550000000,world,3.3483803272247314,0.0036393874324858,4.037422180175781
13611647093,272,13600000000,world,3.382276058197021,0.0030239061452448,4.054708480834961
13643277919,273,13650000000,world,3.41633677482605,0.0032080104574561,4.074306488037109
13707080935,274,13700000000,world,3.4495556354522705,0.0025683026760816,4.092085838317871
13737745511,275,13750000000,world,3.483289957046509,0.003515874966979,4.112194061279297
13803222966,276,13800000000,world,3.521451234817505,0.0022793654352426,4.13271427154541
13839611566,277,13850000000,world,3.5540401935577397,0.003524262458086,4.154304027557373
13902432529,278,13900000000,world,3.5867762565612797,0.0048254979774355,4.173188209533691
13938095474,279,13950000000,world,3.622036933898926,0.0023174481466412,4.184944152832031
14004755414,280,14000000000,world,3.6610920429229736,0.0043081669136881,4.207134246826172
14033351108,281,14050000000,world,3.6954946517944336,0.0052443388849496,4.223314762115479
14103978308,282,14100000000,world,3.73027229309082,0.0063026854768395,4.23954963684082
14134130066,283,14150000000,world,3.7671656608581534,0.0050681643187999,4.251363754272461
14204179018,284,14200000000,world,3.7991783618927,0.0047753080725669,4.272955417633057
14237641855,285,14250000000,world,3.834342002868652,0.0024254219606518,4.289751052856445
14302356903,286,14300000000,world,3.866069793701172,0.0010781278833746,4.300358772277832
14345394278,287,14350000000,world,3.9020280838012695,0.0014959080144762,4.3196868896484375
14405090423,288,14400000000,world,3.93750524520874,0.0015262989327311,4.332312107086182
14440874878,289,14450000000,world,3.9722981452941895,0.0003495197743177,4.347762107849121
14507112356,290,14500000000,world,3.99966049194336,0.00068951677531,4.360196113586426
14538134196,291,14550000000,world,4.0364203453063965,0.000167972408235,4.37483549118042
14607837670,292,14600000000,world,4.071855545043945,0.0022156639024615,4.385833740234375
14640625576,293,14650000000,world,4.107500076293945,-0.0002922862768173,4.39475154876709
14702929696,294,14700000000,world,4.144755363464356,-0.000339244492352,4.406757831573486
14741249345,295,14750000000,world,4.18220853805542,-0.0006917184218764,4.41792631149292
14810924323,296,14800000000,world,4.218085289001465,-1.4797784388065338e-05,4.425834655761719
14838392657,297,14850000000,world,4.255242347717285,0.0044558178633451,4.431158542633057
14902913839,298,14900000000,world,4.294240951538086,-0.0013867681846022,4.429247856140137
14935631180,299,14950000000,world,4.333364486694336,0.0011072289198637,4.43447732925415
14999936725,300,15000000000,world,4.367097854614258,-0.0046267490833997,4.433620452880859
15038359563,301,15050000000,world,4.409632205963135,0.0016285860911011,4.446913242340088
15099543599,302,15100000000,world,4.444785118103027,-0.0006446186453104,4.464278697967529
15140975235,303,15150000000,world,4.482564449310303,-0.0006713047623634,4.464527606964111
15206198033,304,15200000000,world,4.5195817947387695,0.0006170626729726,4.469181537628174
15236191464,305,15250000000,world,4.556364059448242,0.0011238325387239,4.467617034912109
15299256133,306,15300000000,world,4.59517765045166,0.0026225168257951,4.479164123535156
15340922347,307,15350000000,world,4.63301944732666,0.0048910621553659,4.481219291687012
15398860351,308,15400000000,world,4.6724138259887695,0.0043861959129571,4.484346866607666
15444043359,309,15450000000,world,4.709617614746094,0.0068814624100923,4.489040851593018
15505859185,310,15500000000,world,4.749916076660156,0.0037655625492334,4.497424125671387
15540524231,311,15550000000,world,4.78550910949707,0.0007893573492765,4.4925737380981445
15604416845,312,15600000000,world,4.820029258728027,0.0004294924437999,4.4917473793029785
15639918749,313,15650000000,world,4.857751369476318,0.0049727261066436,4.496315002441406
15705320701,314,15700000000,world,4.896082401275635,0.0053382534533739,4.49686861038208
15736719171,315,15750000000,world,4.934065341949463,0.0050288941711187,4.502212524414063
15802748581,316,15800000000,world,4.970748901367188,0.0003676302731037,4.501480102539063
15845826306,317,15850000000,world,5.009002685546875,0.0064132288098335,4.510404109954834
15906301369,318,15900000000,world,5.047584533691406,0.0032006315886974,4.516666412353516
15933805518,319,15950000000,world,5.084666252136231,-0.0003714803606271,4.514166355133057
16005364286,320,16000000000,world,5.123043060302734,-0.0068078613840043,4.523277282714844
16037546213,321,16050000000,world,5.159550666809082,-0.0038519166409969,4.519391536712647
16108422338,322,16100000000,world,5.196523666381836,0.0046175755560398,4.521883010864258
16140421271,323,16150000000,world,5.236703872680664,0.0073429010808467,4.52123498916626
16204664282,324,16200000000,world,5.273866176605225,0.0064998529851436,4.518134117126465
16240218755,325,16250000000,world,5.310779571533203,0.0029400549829006,4.514570713043213
16305896760,326,16300000000,world,5.348388195037842,-0.0010784193873405,4.507447242736816
16336336850,327,16350000000,world,5.385974407196045,-0.0001378469169139,4.50047779083252
16401764608,328,16400000000,world,5.421467781066895,-0.0040695695206522,4.488905429840088
16437755648,329,16450000000,world,5.458451271057129,-0.000726019963622,4.483731269836426
16502259370,330,16500000000,world,5.494265556335449,0.0019960440695285,4.471523761749268
16539024259,331,16550000000,world,5.528764247894287,-0.0002895761281251,4.46056604385376
16597975196,332,16600000000,world,5.565370559692383,-0.0018842928111553,4.450958251953125
16635025674,333,16650000000,world,5.601721286773682,-0.0023444537073373,4.4442548751831055
16701977818,334,16700000000,world,5.636566638946533,-0.0060439724475145,4.4338059425354
16745210117,335,16750000000,world,5.671882629394531,-0.0029337853193283,4.422523021697998
16812892120,336,16800000000,world,5.707228660583496,-0.003605106845498,4.410335063934326
16831370611,337,16850000000,world,5.74179744720459,-0.0018813777714967,4.395618438720703
16899080996,338,16900000000,world,5.775153636932373,-0.0024145934730768,4.379232883453369
16941527984,339,16950000000,world,5.806090831756592,-0.0037253610789775,4.363990783691406
17001110209,340,17000000000,world,5.843178749084473,-0.0007176175713539,4.349194526672363
17041346192,341,17050000000,world,5.871397018432617,-0.0025421530008316,4.329392910003662
17098121681,342,17100000000,world,5.916998863220215,-0.0017454344779253,4.320098400115967
17133696399,343,17150000000,world,5.946953773498535,-0.0034054853022098,4.300688743591309
17206406899,344,17200000000,world,5.98741340637207,-0.0004284009337425,4.278073310852051
17236737153,345,17250000000,world,6.014970302581787,-0.0017629563808441,4.255149841308594
17298358346,346,17300000000,world,6.044732093811035,-0.0008687488734722,4.232545375823975
17334033513,347,17350000000,world,6.076938152313232,0.0008079297840595,4.209910392761231
17401036482,348,17400000000,world,6.100715637207031,-0.0021568406373262,4.179866313934326
17432187436,349,17450000000,world,6.123582363128662,-0.0022348705679178,4.155969142913818
17502595058,350,17500000000,world,6.152904987335205,-0.0017250999808311,4.13194751739502
17535866470,351,17550000000,world,6.1827392578125,-0.0024592112749814,4.106163501739502
17595005765,352,17600000000,world,6.205338954925537,-0.0037545654922723,4.07933235168457
17637963029,353,17650000000,world,6.229177474975586,-0.0017697736620903,4.051791667938232
17700954243,354,17700000000,world,6.261191368103027,-0.0046642795205116,4.024823188781738
17736128861,355,17750000000,world,6.282350540161133,-0.0035586841404438,3.9951672554016113
17803202686,356,17800000000,world,6.308093070983887,-0.0053314175456762,3.966320037841797
17834809085,357,17850000000,world,6.334772109985352,-0.0072342585772275,3.9355628490448
17902561369,358,17900000000,world,6.356883049011231,-0.0047946907579898,3.9062535762786874
17940143579,359,17950000000,world,6.381375789642334,-0.0043405201286077,3.87641191482544
18000334153,360,18000000000,world,6.400303363800049,-0.0046232044696807,3.843825340270996
18032532563,361,18050000000,world,6.425570964813232,-0.0052960030734539,3.813286304473877
18099065627,362,18100000000,world,6.453293800354004,-0.0059006325900554,3.782971858978272
18134657230,363,18150000000,world,6.48178768157959,-0.004991577938199,3.755102872848511
18207491007,364,18200000000,world,6.502806663513184,-0.006493778899312,3.725800514221192
18240042707,365,18250000000,world,6.528731822967529,-0.0057614557445049,3.695390224456787
18298352939,366,18300000000,world,6.552542686462402,-0.0049435533583164,3.666758060455322
18336249024,367,18350000000,world,6.569826602935791,-0.0068106111139059,3.636660575866699
18401520265,368,18400000000,world,6.593510627746582,-0.0051553379744291,3.6067938804626474
18433278181,369,18450000000,world,6.617475509643555,-0.0077529456466436,3.5770623683929443
18499183446,370,18500000000,world,6.637660503387451,-0.0061173141002655,3.548189878463745
18545040761,371,18550000000,world,6.661683559417725,-0.0066054742783308,3.515709638595581
18605826900,372,18600000000,world,6.685120582580566,-0.0062889773398637,3.485710382461548
18639906323,373,18650000000,world,6.711289882659912,-0.0055222138762474,3.4572436809539795
18704587261,374,18700000000,world,6.736802101135254,-0.0045805424451828,3.427520751953125
18734999980,375,18750000000,world,6.760715484619141,-0.0055923052132129,3.3979318141937256
18805850984,376,18800000000,world,6.7821807861328125,-0.0051746927201747,3.369160890579224
18836532937,377,18850000000,world,6.80626392364502,-0.0053933523595333,3.340043067932129
18905751040,378,18900000000,world,6.83314323425293,-0.0063115451484918,3.311239957809448
18937446510,379,18950000000,world,6.857589721679688,-0.0060373321175575,3.2803831100463867
18999367296,380,19000000000,world,6.881813049316406,-0.005164124071598,3.252049207687378
19035357639,381,19050000000,world,6.902189254760742,-0.0066867060959339,3.2230100631713867
19102122777,382,19100000000,world,6.92863655090332,-0.0045306272804737,3.1937835216522217
19135376403,383,19150000000,world,6.950911045074463,-0.0041058622300624,3.1654956340789795
19203870529,384,19200000000,world,6.97452449798584,-0.0045125801116228,3.1349897384643555
19237440495,385,19250000000,world,6.999569416046143,-0.0054678805172443,3.1046066284179688
19300672930,386,19300000000,world,7.024608135223389,-0.005800699815154,3.0757157802581787
19340692837,387,19350000000,world,7.048773765563965,-0.0058048367500305,3.0468807220458984
19401351769,388,19400000000,world,7.068171501159668,-0.0057552941143512,3.017306327819824
19439560557,389,19450000000,world,7.0940375328063965,-0.0045515839010477,2.988135814666748
19501399235,390,19500000000,world,7.11774206161499,-0.0057430062443017,2.9573516845703125
19541431069,391,19550000000,world,7.1417388916015625,-0.0054919626563787,2.9283127784729004
19601204863,392,19600000000,world,7.1644721031188965,-0.0075852209702134,2.8982295989990234
19639120891,393,19650000000,world,7.188192367553711,-0.0051460452377796,2.869027137756348
19700330929,394,19700000000,world,7.21274471282959,-0.0054535567760467,2.840085029602051
19736441917,395,19750000000,world,7.232667922973633,-0.0086617693305015,2.809865474700928
19806398827,396,19800000000,world,7.257021427154541,-0.008756298571825,2.780074119567871
19835680733,397,19850000000,world,7.279794692993164,-0.0074932388961315,2.751716136932373
19905487799,398,19900000000,world,7.304544925689697,-0.0108704548329114,2.721288681030273
19934977566,399,19950000000,world,7.32726526260376,-0.0100043211132287,2.690471172332764
20000720969,400,20000000000,world,7.352046012878418,-0.0098146647214889,2.6614017486572266
20042140721,401,20050000000,world,7.376813888549805,-0.0096731381490826,2.632615566253662
20100418591,402,20100000000,world,7.398711204528809,-0.0095451269298791,2.6024937629699707
20135574048,403,20150000000,world,7.423594951629639,-0.0090115088969469,2.5727744102478027
20200676536,404,20200000000,world,7.4500203132629395,-0.0109003605321049,2.5413975715637207
20236546852,405,20250000000,world,7.472763061523437,-0.0112040378153324,2.512786865234375
20303025703,406,20300000000,world,7.497303009033203,-0.0107462666928768,2.482720375061035
20340171584,407,20350000000,world,7.522036552429199,-0.009594309143722,2.4538865089416504
20401539770,408,20400000000,world,7.543333053588867,-0.0102583039551973,2.4228668212890625
20439637094,409,20450000000,world,7.565669059753418,-0.010446679778397,2.3900249004364014
20502040698,410,20500000000,world,7.584629535675049,-0.0114273717626929,2.359077215194702
20533726219,411,20550000000,world,7.604905605316162,-0.0112093463540077,2.32594895362854
20600637635,412,20600000000,world,7.624015808105469,-0.0101322457194328,2.2929069995880127
20640163910,413,20650000000,world,7.640597820281982,-0.0094916420057415,2.261593580245972
20699233496,414,20700000000,world,7.657440185546875,-0.0081406161189079,2.2266995906829834
20738875344,415,20750000000,world,7.670284271240234,-0.0056235557422041,2.1954331398010254
20799784116,416,20800000000,world,7.694946765899658,-0.0102265570312738,2.155845880508423
20835780102,417,20850000000,world,7.712228775024414,-0.0101103391498327,2.122415065765381
20901441676,418,20900000000,world,7.726256370544434,-0.0089596379548311,2.0882887840271
20935811388,419,20950000000,world,7.743391513824463,-0.0096798818558454,2.053914785385132
21004557980,420,21000000000,world,7.761327266693115,-0.0116810034960508,2.017577648162842
21036827953,421,21050000000,world,7.7751545906066895,-0.0105904946103692,1.979581594467163
21104421377,422,21100000000,world,7.78977632522583,-0.0114823263138532,1.9457125663757324
21136066598,423,21150000000,world,7.809276580810547,-0.0100030228495597,1.9111416339874268
21202862268,424,21200000000,world,7.824433326721191,-0.0103386379778385,1.8777801990509035
21236399537,425,21250000000,world,7.838565349578857,-0.007833051495254,1.8426942825317385
21299827575,426,21300000000,world,7.854140281677246,-0.0057617099955677,1.8081977367401123
21338880663,427,21350000000,world,7.867695808410644,-0.0077739171683788,1.77618670463562
21398418040,428,21400000000,world,7.8917365074157715,-0.0042853606864809,1.74210524559021
21432775591,429,21450000000,world,7.908395290374756,-0.0061075650155544,1.7073044776916504
21503523082,430,21500000000,world,7.924652576446533,-0.0037679327651858,1.672619342803955
21540016160,431,21550000000,world,7.942863464355469,-0.0051059653051197,1.63793683052063
21603371767,432,21600000000,world,7.95831298828125,-0.0060570435598492,1.6042487621307373
21639358723,433,21650000000,world,7.977760314941406,-0.0081156399101018,1.5677366256713867
21707533599,434,21700000000,world,7.994138717651367,-0.0083912210538983,1.534126043319702
21737855777,435,21750000000,world,8.013631820678711,-0.0083280364051461,1.4976167678833008
21807958017,436,21800000000,world,8.029029846191406,-0.009055838920176,1.463273048400879
21844177883,437,21850000000,world,8.044611930847168,-0.0080751087516546,1.4286534786224363
21903210345,438,21900000000,world,8.059932708740234,-0.0076383538544178,1.3945376873016355
21937851804,439,21950000000,world,8.075752258300781,-0.0079473825171589,1.360080003738403
22006685725,440,22000000000,world,8.099124908447266,-0.0093668159097433,1.323174238204956
22040594893,441,22050000000,world,8.116314888000488,-0.0100824860855937,1.2877686023712158
22101161922,442,22100000000,world,8.13272476196289,-0.0106359524652361,1.2531771659851074
22136056937,443,22150000000,world,8.145486831665039,-0.0108226332813501,1.217569351196289
22203173075,444,22200000000,world,8.15852165222168,-0.0116613050922751,1.183035135269165
22234248689,445,22250000000,world,8.172479629516602,-0.0107127567753195,1.1467695236206057
22303588792,446,22300000000,world,8.188655853271484,-0.0078224530443549,1.1041855812072754
22338075851,447,22350000000,world,8.20005989074707,-0.0088610760867595,1.0690507888793943
22403074691,448,22400000000,world,8.211511611938477,-0.0069776000455021,1.0333950519561768
22436249752,449,22450000000,world,8.223411560058594,-0.0069528790190815,0.992597222328186
22506770676,450,22500000000,world,8.230443954467773,-0.0098586361855268,0.9581307172775269
22543129197,451,22550000000,world,8.237621307373047,-0.0078268218785524,0.9209998846054076
22601694312,452,22600000000,world,8.24934196472168,-0.0086984308436512,0.8814975023269653
22639551643,453,22650000000,world,8.256861686706543,-0.010644101537764,0.8443877696990967
22703393943,454,22700000000,world,8.260802268981934,-0.0094392318278551,0.8080391883850098
22739680577,455,22750000000,world,8.264700889587402,-0.0107233319431543,0.7723528146743774
22808156501,456,22800000000,world,8.268196105957031,-0.0122173754498362,0.7370997071266174
22836191363,457,22850000000,world,8.268383979797363,-0.0112989461049437,0.6984409093856812
22903905305,458,22900000000,world,8.268843650817871,-0.0140191009268164,0.6594357490539551
22937448173,459,22950000000,world,8.269487380981445,-0.0144665911793708,0.620445728302002
23000421673,460,23000000000,world,8.265485763549805,-0.0151169383898377,0.5824835300445557
23034889206,461,23050000000,world,8.26254653930664,-0.0140275601297616,0.5476140975952148
23100283630,462,23100000000,world,8.256696701049805,-0.0134546067565679,0.5078229904174805
23134682155,463,23150000000,world,8.25269889831543,-0.0127501990646123,0.4646716117858886
23199504308,464,23200000000,world,8.245096206665039,-0.0170321241021156,0.4234638214111328
23237661843,465,23250000000,world,8.233037948608398,-0.0162630137056112,0.3869194984436035
23311353804,466,23300000000,world,8.227349281311035,-0.0159693285822868,0.3510212898254394
23340282044,467,23350000000,world,8.215583801269531,-0.0175416357815265,0.315652847290039
23399503137,468,23400000000,world,8.200668334960938,-0.0176197160035371,0.2820239067077636
23440763301,469,23450000000,world,8.188650131225586,-0.0176548305898904,0.2473225593566894
23501002750,470,23500000000,world,8.173166275024414,-0.0131996944546699,0.2138733863830566
23539144136,471,23550000000,world,8.157293319702148,-0.0131205115467309,0.1798014640808105
23600983645,472,23600000000,world,8.140192031860352,-0.0127073237672448,0.1456441879272461
23638109909,473,23650000000,world,8.11695671081543,-0.0094200670719146,0.1151361465454101
23700077606,474,23700000000,world,8.100955963134766,-0.0095151429995894,0.0815887451171875
23739526348,475,23750000000,world,8.082054138183594,-0.0092601869255304,0.0523390769958496
23800905025,476,23800000000,world,8.061838150024414,-0.008938169106841,0.0168871879577636
23833869361,477,23850000000,world,8.041579246520996,-0.0107470881193876,-0.0141663551330566
23897832893,478,23900000000,world,8.0216703414917,-0.0069520738907158,-0.0487322807312011
23933479320,479,23950000000,world,8.003089904785156,-0.0072921635583043,-0.0823907852172851
23998299093,480,24000000000,world,7.984013080596924,-0.0057014846242964,-0.1148848533630371
24037800200,481,24050000000,world,7.961211204528809,-0.0050131473690271,-0.1489200592041015
24100485559,482,24100000000,world,7.940987586975098,-0.0041352887637913,-0.1824326515197754
24136607621,483,24150000000,world,7.918818473815918,-0.0057977507822215,-0.2145318984985351
24201760888,484,24200000000,world,7.896052837371826,-0.0061222352087497,-0.248147964477539
24240540117,485,24250000000,world,7.876114845275879,-0.0048821903765201,-0.2802095413208008
24301921548,486,24300000000,world,7.858853340148926,-0.0033206865191459,-0.313596248626709
24336384000,487,24350000000,world,7.837188720703125,-0.0037467621732503,-0.344113826751709
24402705358,488,24400000000,world,7.817912101745605,-0.0042492100037634,-0.3754076957702636
24435165847,489,24450000000,world,7.793641567230225,-0.005984297953546,-0.4071865081787109
24513321591,490,24500000000,world,7.776519775390625,-0.003296984359622,-0.4408731460571289
24532166487,491,24550000000,world,7.754646301269531,-0.0011494803475216,-0.4700765609741211
24601257599,492,24600000000,world,7.735177040100098,-0.0007983865216374,-0.5032305717468262
24635194407,493,24650000000,world,7.714480876922607,-0.0039308308623731,-0.5348939895629883
24706536542,494,24700000000,world,7.696640014648437,-0.0031197553034871,-0.5706276893615723
24734217601,495,24750000000,world,7.676506996154785,-0.0068793185055255,-0.5972204208374023
24799277939,496,24800000000,world,7.657218933105469,-0.0024342678952962,-0.6358661651611328
24835005371,497,24850000000,world,7.636753559112549,-0.0044056861661374,-0.6679105758666992
24898580410,498,24900000000,world,7.615527153015137,0.000273771234788,-0.7023792266845703
24934666495,499,24950000000,world,7.598213195800781,-0.0026794332079589,-0.7289142608642578
25000875764,500,25000000000,world,7.574839115142822,0.0007442855276167,-0.7657394409179688
25036747154,501,25050000000,world,7.556742668151855,-0.0005178856663405,-0.7960143089294434
25103109479,502,25100000000,world,7.533304214477539,0.0001909343991428,-0.8253717422485352
25135777823,503,25150000000,world,7.505474090576172,-0.0027356492355465,-0.8550934791564941
25199050219,504,25200000000,world,7.484426975250244,-0.0025980398058891,-0.8864006996154785
25234920961,505,25250000000,world,7.459577560424805,-0.0006802771240472,-0.9177193641662598
25297546312,506,25300000000,world,7.43230676651001,-0.0052490159869194,-0.9450993537902832
25338257161,507,25350000000,world,7.40708065032959,-0.002678470686078,-0.9733963012695312
25398205610,508,25400000000,world,7.373713970184326,-0.0035910438746213,-1.0021905899047852
25435028629,509,25450000000,world,7.345258712768555,-0.0035033067688345,-1.0288848876953125
25502310523,510,25500000000,world,7.316335678100586,-0.0026475936174392,-1.052835464477539
25535328051,511,25550000000,world,7.282266139984131,-0.0038059838116168,-1.081099033355713
25601617495,512,25600000000,world,7.253937721252441,-0.0044069169089198,-1.1042866706848145
25634611045,513,25650000000,world,7.224329948425293,-0.0041812807321548,-1.129073143005371
25697032314,514,25700000000,world,7.194519996643066,-0.0026942370459437,-1.1546850204467771
25734239420,515,25750000000,world,7.163054466247559,-0.0031781466677784,-1.1776061058044434
25801007457,516,25800000000,world,7.131138801574707,-0.0022479947656393,-1.2022414207458496
25836483223,517,25850000000,world,7.105245590209961,-0.0045396536588668,-1.2253642082214355
25903568105,518,25900000000,world,7.076792240142822,-0.0041632950305938,-1.2480778694152832
25938935603,519,25950000000,world,7.044414520263672,-0.0025307433679699,-1.2709612846374512
26005022672,520,26000000000,world,7.016135692596436,-0.0025168280117213,-1.2946233749389648
26038988871,521,26050000000,world,6.981821537017822,-0.0067782383412122,-1.3204350471496582
26098533573,522,26100000000,world,6.951849937438965,-0.0073639377951622,-1.3449711799621582
26131816310,523,26150000000,world,6.924468994140625,-0.0067830253392457,-1.366180419921875
26204853276,524,26200000000,world,6.897595405578613,-0.0077960630878806,-1.3903284072875977
26235412103,525,26250000000,world,6.861987113952637,-0.0053895935416221,-1.4177608489990234
26297681107,526,26300000000,world,6.832637786865234,-0.0037500029429793,-1.4440650939941406
26332731724,527,26350000000,world,6.801239013671875,-0.00355473626405,-1.4682936668395996
26399030376,528,26400000000,world,6.774026393890381,-0.0064080245792865,-1.488753318786621
26435634685,529,26450000000,world,6.7462568283081055,-0.0028827423229813,-1.5160465240478516
26508114213,530,26500000000,world,6.711133003234863,-0.0039673410356044,-1.5400290489196775
26537017525,531,26550000000,world,6.682219982147217,-0.0045739356428384,-1.565319538116455
26601574576,532,26600000000,world,6.654614448547363,-0.0052420087158679,-1.5887832641601562
26634764291,533,26650000000,world,6.625243186950684,-0.0071271602064371,-1.610532283782959
26706278576,534,26700000000,world,6.593939781188965,-0.0034010494127869,-1.6394362449645996
26737135434,535,26750000000,world,6.565689086914063,-0.0038622487336397,-1.6600937843322754
26802059783,536,26800000000,world,6.53343391418457,-0.0041767582297325,-1.686811447143555
26835663759,537,26850000000,world,6.504929542541504,-0.0016880836337804,-1.7135581970214844
26900513238,538,26900000000,world,6.475440979003906,-0.0019575441256165,-1.7394795417785645
26933354252,539,26950000000,world,6.443475723266602,-0.0035403184592723,-1.7632384300231934
26999376682,540,27000000000,world,6.415096759796143,-0.0029007941484451,-1.7868075370788574
27036034752,541,27050000000,world,6.385138034820557,-0.0026659481227397,-1.81037712097168
27100528368,542,27100000000,world,6.347143650054932,-0.0021650400012731,-1.8388705253601076
27135652049,543,27150000000,world,6.3169121742248535,-0.0030317641794681,-1.863433837890625
27197767353,544,27200000000,world,6.285922050476074,-0.0020889351144433,-1.888871669769287
27238631995,545,27250000000,world,6.255301475524902,-0.0012584375217556,-1.9150867462158203
27299626361,546,27300000000,world,6.226088523864746,-0.0017061494290828,-1.938531875610352
27338246733,547,27350000000,world,6.1949310302734375,-0.0011099157854914,-1.9627671241760252
27408822803,548,27400000000,world,6.163093090057373,-0.0021018674597144,-1.9895544052124023
27437059399,549,27450000000,world,6.136021614074707,-0.0054280282929539,-2.014889717102051
27506734489,550,27500000000,world,6.105690956115723,-0.0045225974172353,-2.03755521774292
27536172383,551,27550000000,world,6.075523853302002,-0.0046047046780586,-2.0607943534851074
27602932184,552,27600000000,world,6.044638633728027,-0.0038507785648107,-2.0807089805603027
27635589974,553,27650000000,world,6.013068199157715,-0.0029145507141947,-2.1011147499084477
27699291117,554,27700000000,world,5.973060607910156,-0.0018235063180327,-2.1292614936828613
27737994951,555,27750000000,world,5.940945625305176,-0.0023319944739341,-2.1481728553771973
27799935857,556,27800000000,world,5.910205841064453,-0.002910878509283,-2.1664247512817383
27840072693,557,27850000000,world,5.872359275817871,-0.0042255204170942,-2.190497875213623
27902731019,558,27900000000,world,5.837752342224121,-0.0053186658769845,-2.206977844238281
27935090359,559,27950000000,world,5.800561428070068,-0.0048681469634175,-2.227323055267334
27999388173,560,28000000000,world,5.766110897064209,-0.0053909234702587,-2.241367816925049
28035801339,561,28050000000,world,5.730529308319092,-0.0046783117577433,-2.2599191665649414
28101447452,562,28100000000,world,5.704677104949951,-0.0053971349261701,-2.2674527168273926
28132022810,563,28150000000,world,5.667926788330078,-0.0042500076815485,-2.283231258392334
28200374509,564,28200000000,world,5.631734848022461,-0.0058061378076672,-2.3014302253723145
28234637024,565,28250000000,world,5.595439910888672,-0.0055253123864531,-2.318819522857666
28310018754,566,28300000000,world,5.561122894287109,-0.0039603267796337,-2.337642192840576
28337868162,567,28350000000,world,5.5267486572265625,-0.0053318059071898,-2.354869842529297
28405720232,568,28400000000,world,5.497752189636231,-0.0073015340603888,-2.364424705505371
28438486496,569,28450000000,world,5.463124752044678,-0.0075846831314265,-2.3785929679870605
28501486987,570,28500000000,world,5.428059577941895,-0.007490892894566,-2.39127779006958
28540219694,571,28550000000,world,5.3914079666137695,-0.0068589677102863,-2.4070634841918945
28605170618,572,28600000000,world,5.35433292388916,-0.0070081264711916,-2.421038627624512
28636886726,573,28650000000,world,5.318652629852295,-0.007631566375494,-2.433272361755371
28701125203,574,28700000000,world,5.281784057617188,-0.005013863556087,-2.4412388801574707
28740146069,575,28750000000,world,5.244363784790039,-0.0058874683454632,-2.451621055603028
28804188242,576,28800000000,world,5.207745552062988,-0.0062556914053857,-2.4633092880249023
28835670533,577,28850000000,world,5.169113159179688,-0.0065077515318989,-2.472114086151123
28899880666,578,28900000000,world,5.132249355316162,-0.0053780414164066,-2.4787096977233887
28937846885,579,28950000000,world,5.094063758850098,-0.0115003325045108,-2.4867100715637207
29000030845,580,29000000000,world,5.0543293952941895,-0.0083194505423307,-2.492098808288574
29041043321,581,29050000000,world,5.015024185180664,-0.0075238128192722,-2.500627040863037
29105889794,582,29100000000,world,4.976996421813965,-0.0086330603808164,-2.5006556510925293
29138459684,583,29150000000,world,4.938332557678223,-0.0081151844933629,-2.5044946670532227
29201302220,584,29200000000,world,4.896695137023926,-0.0070179346948862,-2.5024285316467285
29235102010,585,29250000000,world,4.859293460845947,-0.0043384726159274,-2.504831314086914
29300272178,586,29300000000,world,4.823399066925049,-0.0066158194094896,-2.500027656555176
29335467049,587,29350000000,world,4.7844319343566895,-0.0101658459752798,-2.49705171585083
29398886296,588,29400000000,world,4.749299049377441,-0.0039714253507554,-2.4945764541625977
29435999734,589,29450000000,world,4.707945823669434,-0.0030894898809492,-2.4888243675231934
29499611993,590,29500000000,world,4.676810264587402,-0.0061907963827252,-2.4809398651123047
29542652524,591,29550000000,world,4.63453483581543,-0.0043441615998744,-2.477661609649658
29601197434,592,29600000000,world,4.591073989868164,-0.0032519241794943,-2.4740567207336426
29635219183,593,29650000000,world,4.553577899932861,-0.0012549795210361,-2.467369079589844
29700476764,594,29700000000,world,4.513090133666992,-0.0057753771543502,-2.4622201919555664
29740613641,595,29750000000,world,4.477848052978516,-0.0032002083025872,-2.4562344551086426
29800211118,596,29800000000,world,4.438607215881348,-0.0009113869164139,-2.4530820846557617
29838430784,597,29850000000,world,4.401974201202393,-0.0025605394039303,-2.446337938308716
29904946406,598,29900000000,world,4.362254142761231,-0.0031689670868217,-2.4420695304870605
29937705207,599,29950000000,world,4.326704025268555,-0.0023523059207946,-2.434600830078125
30007852262,600,30000000000,world,4.287858963012695,-0.0014147348701953,-2.4315943717956543
30043539290,601,30050000000,world,4.252911567687988,-0.0021772787440568,-2.424938440322876
30105914105,602,30100000000,world,4.214041709899902,-0.0018293443135917,-2.41946792602539
30147179108,603,30150000000,world,4.174819946289063,-0.0027294971514493,-2.4145658016204834
30203461209,604,30200000000,world,4.139872074127197,-0.0024171294644474,-2.4084413051605225
30237193495,605,30250000000,world,4.098535060882568,-0.0027180174365639,-2.402533054351806
30303784147,606,30300000000,world,4.062226295471191,-0.0014263002667576,-2.396638870239258
30337002197,607,30350000000,world,4.025979042053223,-0.0040349047631025,-2.39133882522583
30402658464,608,30400000000,world,3.9855360984802246,-0.0024584198836237,-2.3866450786590576
30441649801,609,30450000000,world,3.947166919708252,-0.0018442962318658,-2.381955146789551
30499157365,610,30500000000,world,3.914507150650024,-0.0044913794845342,-2.369858503341675
30538261093,611,30550000000,world,3.8778042793273926,-0.0034451559185981,-2.360842704772949
30612533122,612,30600000000,world,3.8388783931732178,-0.0017990062478929,-2.350040435791016
30639694385,613,30650000000,world,3.806596279144287,-0.00201281090267,-2.3385846614837646
30702191953,614,30700000000,world,3.762210130691528,-0.0022875911090523,-2.324871778488159
30736364976,615,30750000000,world,3.725933790206909,-0.0010761935263872,-2.30854868888855
30804539091,616,30800000000,world,3.690261840820313,-0.0005186468479223,-2.294595718383789
30844417469,617,30850000000,world,3.656014204025269,-6.726814899593592e-05,-2.27991247177124
30900206219,618,30900000000,world,3.6176297664642334,0.001194622949697,-2.2663159370422363
30936436610,619,30950000000,world,3.580039978027344,-0.0006691701710224,-2.2536070346832275
31010420061,620,31000000000,world,3.544208288192749,-0.0006517132278531,-2.2396016120910645
31045589269,621,31050000000,world,3.5108625888824463,-0.001832275185734,-2.2233071327209477
31104020653,622,31100000000,world,3.472607374191284,-0.0012440218124538,-2.212890625
31136157375,623,31150000000,world,3.438836574554444,0.0008263083873316,-2.196847915649414
31215015128,624,31200000000,world,3.4035441875457764,9.649351704865694e-05,-2.183279514312744
31234960189,625,31250000000,world,3.3681063652038574,2.5081681087613102e-05,-2.1689977645874023
31302649180,626,31300000000,world,3.3320491313934326,0.0005791278090327,-2.1515259742736816
31336080198,627,31350000000,world,3.2959184646606445,-0.0002878501545637,-2.1382596492767334
31404505871,628,31400000000,world,3.262883424758911,0.0020545762963593,-2.1224164962768555
31438828798,629,31450000000,world,3.225564956665039,0.000227969372645,-2.107773542404175
31500146814,630,31500000000,world,3.1916184425354004,-0.001393964048475,-2.0962460041046143
31541010285,631,31550000000,world,3.157193422317505,0.0004711460205726,-2.0809051990509038
31610333571,632,31600000000,world,3.1207680702209477,-0.0004987443098798,-2.0670254230499268
31636281229,633,31650000000,world,3.084265947341919,-0.0011810588184744,-2.0544886589050293
31702261215,634,31700000000,world,3.0482215881347656,-0.000304143410176,-2.0401880741119385
31737481440,635,31750000000,world,3.014563798904419,-0.0005811352748423,-2.024378776550293
31806982566,636,31800000000,world,2.9803221225738525,0.0007481505163013,-2.0063939094543457
31838671094,637,31850000000,world,2.9481759071350098,0.0011628469219431,-1.988866090774536
31909417843,638,31900000000,world,2.9140055179595947,-0.0003788790199905,-1.9716911315917969
31937359712,639,31950000000,world,2.8799521923065186,-0.0017326662782579,-1.955535888671875
32005873626,640,32000000000,world,2.845369815826416,-0.0007123772520571,-1.9378541707992556
32039975549,641,32050000000,world,2.813389539718628,-0.00176114984788,-1.919964909553528
32107256740,642,32100000000,world,2.7787139415740967,-0.0016829704400151,-1.9024170637130735
32144251444,643,32150000000,world,2.746176481246948,-0.0009987705852836,-1.884062886238098
32202871672,644,32200000000,world,2.713807344436645,-0.000649141613394,-1.8670496940612795
32241554436,645,32250000000,world,2.680213212966919,-0.0013463736977428,-1.850084662437439
32302263522,646,32300000000,world,2.645085334777832,-0.0017520817928016,-1.83314847946167
32337818203,647,32350000000,world,2.6143276691436768,2.1083513274788857e-05,-1.8187048435211184
32402878103,648,32400000000,world,2.5826568603515625,-0.0004559748340398,-1.800755262374878
32438553767,649,32450000000,world,2.549245834350586,-0.0002817809581756,-1.7850230932235718
32502443605,650,32500000000,world,2.520189046859741,-0.0008105537854135,-1.765841364860535
32536252299,651,32550000000,world,2.488401412963867,-0.0005679801106452,-1.749694585800171
32600460650,652,32600000000,world,2.454201459884644,-0.0008076152298599,-1.7326358556747437
32637610166,653,32650000000,world,2.421095132827759,-0.0009544728090986,-1.7148860692977903
32705096376,654,32700000000,world,2.386038064956665,-0.0008463719859719,-1.697550654411316
32738653307,655,32750000000,world,2.3559887409210205,0.001442865235731,-1.6795167922973633
32799399270,656,32800000000,world,2.3267946243286133,-0.002038930542767,-1.6563345193862915
32835567577,657,32850000000,world,2.292491912841797,-0.0024530244991183,-1.6411093473434448
32910636298,658,32900000000,world,2.261939525604248,-0.0013941896613687,-1.6227015256881714
32939564998,659,32950000000,world,2.227594375610352,-0.0031962569337338,-1.604886174201965
33007172757,660,33000000000,world,2.1939191818237305,-0.0030426287557929,-1.58856201171875
33038281414,661,33050000000,world,2.1548056602478027,-0.0001167438458651,-1.5679429769515991
33098407576,662,33100000000,world,2.1214022636413574,0.0011764988303184,-1.548153519630432
33137791158,663,33150000000,world,2.086720466613769,0.0011717847082763,-1.5301309823989868
33205489464,664,33200000000,world,2.0581166744232178,0.0012163266073912,-1.5137377977371216
33238561364,665,33250000000,world,2.0229523181915283,-0.0001673088409006,-1.492996096611023
33300718607,666,33300000000,world,1.9903595447540283,-0.0003177025355398,-1.4759516716003418
33336680560,667,33350000000,world,1.9578453302383425,-0.0004468807019293,-1.4587265253067017
33397651974,668,33400000000,world,1.9185484647750852,0.0025809234939515,-1.4433002471923828
33434299491,669,33450000000,world,1.8856801986694336,0.0011129747144877,-1.4257519245147705
33505110851,670,33500000000,world,1.8534060716629028,0.0010279789566993,-1.4071789979934692
33537660151,671,33550000000,world,1.8200563192367556,-0.0002066178712993,-1.3896777629852295
33601108896,672,33600000000,world,1.7865056991577148,-0.000577311264351,-1.369654655456543
33637487223,673,33650000000,world,1.7559800148010254,-0.0031976732425391,-1.352373719215393
33705955361,674,33700000000,world,1.7239776849746704,-0.0047148424200713,-1.3298064470291138
33737163188,675,33750000000,world,1.6881736516952517,-0.0033311692532151,-1.3150907754898071
33803592927,676,33800000000,world,1.6539679765701294,-0.0026917790528386,-1.296422839164734
33840934984,677,33850000000,world,1.6199767589569092,-0.0045398576185107,-1.280694842338562
33901737494,678,33900000000,world,1.5885839462280271,-0.0020045314449816,-1.260721206665039
33935338911,679,33950000000,world,1.5549180507659912,-0.0038034326862543,-1.2444651126861572
34001725674,680,34000000000,world,1.5167529582977295,0.0029144859872758,-1.228690266609192
34036885317,681,34050000000,world,1.4847424030303955,0.0018071013037115,-1.21031653881073
34110580604,682,34100000000,world,1.4509258270263672,0.0036775432527065,-1.1945916414260864
34138995454,683,34150000000,world,1.4118258953094482,0.0023631379008293,-1.179673433303833
34203154825,684,34200000000,world,1.3785995244979858,0.0018149032257497,-1.1624131202697754
34234690578,685,34250000000,world,1.3470964431762695,0.0028088595718145,-1.1426738500595093
34297211757,686,34300000000,world,1.303030252456665,-0.0027019791305065,-1.1289293766021729
34337739106,687,34350000000,world,1.2684167623519895,0.0007468571420758,-1.1106791496276855
34404393892,688,34400000000,world,1.2343178987503052,-0.0003597433678805,-1.0922234058380127
34443757884,689,34450000000,world,1.197255253791809,-0.0006827570032328,-1.0776159763336182
34508940550,690,34500000000,world,1.1737879514694214,-4.691723734140396e-05,-1.054465413093567
34537907793,691,34550000000,world,1.1332651376724243,0.0008022303227335,-1.0390756130218506
34603601799,692,34600000000,world,1.096723198890686,0.0026135344523936,-1.0165557861328125
34638662074,693,34650000000,world,1.0633773803710938,0.0015072310343384,-1.000967264175415
34717380251,694,34700000000,world,1.0322082042694092,-0.0001327933277934,-0.9808530807495116
34735878907,695,34750000000,world,0.9971975088119508,0.0015312207397073,-0.9656223654747008
34802963930,696,34800000000,world,0.9620057344436646,0.0028105126693844,-0.948015034198761
34835556292,697,34850000000,world,0.929897129535675,0.0014493081253021,-0.9290032982826232
34904196287,698,34900000000,world,0.8925778865814209,0.0012739752419292,-0.91036719083786
34935346825,699,34950000000,world,0.8540960550308228,0.0007309683132916,-0.8945239186286926
35001297775,700,35000000000,world,0.8228604793548584,0.001512377988547,-0.8771114349365234
35037364050,701,35050000000,world,0.788875162601471,-0.0003431958612054,-0.8598430752754211
35101513844,702,35100000000,world,0.7571179866790771,-0.001396827516146,-0.8406278491020203
35139980355,703,35150000000,world,0.7233907580375671,-0.0023306605871766,-0.8239948153495789
35210331275,704,35200000000,world,0.6900321841239929,-0.0051767877303063,-0.8052629828453064
35238651658,705,35250000000,world,0.6562194228172302,-0.0039025004953145,-0.7841672301292419
35303788069,706,35300000000,world,0.626057505607605,-0.0019125402905046,-0.7616889476776123
35341583617,707,35350000000,world,0.5965502858161926,-0.0034088224638253,-0.7383432388305664
35404169581,708,35400000000,world,0.5685402750968933,-0.0052081095054745,-0.714174747467041
35445814593,709,35450000000,world,0.5321929454803467,-0.0050990688614547,-0.687814474105835
35502912682,710,35500000000,world,0.5061309933662415,-0.0049888738431036,-0.6614031195640564
35536105441,711,35550000000,world,0.4801602959632873,-0.0052360231056809,-0.6353381276130676
35601220025,712,35600000000,world,0.4498343467712402,-0.0062251193448901,-0.6088061928749084
35638767979,713,35650000000,world,0.4257393479347229,-0.0024209693074226,-0.5763179063796997
35703216311,714,35700000000,world,0.3999629914760589,0.0065045789815485,-0.5452786684036255
35737190854,715,35750000000,world,0.3786154091358185,0.0013457932509481,-0.5114083290100098
35798829200,716,35800000000,world,0.3612100780010223,0.0016334325773641,-0.4787204265594482
35833693636,717,35850000000,world,0.338775634765625,0.0006367186433635,-0.4503764808177948
35903795024,718,35900000000,world,0.319249153137207,0.0007759091677144,-0.4164964258670807
35937083101,719,35950000000,world,0.2957822382450104,0.0032810696866363,-0.3804372251033783
35997565951,720,36000000000,world,0.2784118950366974,0.0024975421838462,-0.3464936316013336
36036440275,721,36050000000,world,0.2565320134162903,0.0013501656940206,-0.3156479001045227
36112124248,722,36100000000,world,0.3293803334236145,-0.0031592159066349,-0.2195383161306381
36144829114,723,36150000000,world,0.3125523924827575,-0.0022491014096885,-0.1831251084804535
36205655622,724,36200000000,world,0.297823965549469,-0.0022901862394064,-0.150551438331604
36239181158,725,36250000000,world,0.2836025357246399,-0.0001757988793542,-0.1156877875328064
36305103273,726,36300000000,world,0.269048810005188,-0.0012370703043416,-0.0824175402522087
36340386138,727,36350000000,world,0.2552250921726227,0.0009050805820152,-0.0473341941833496
36416269591,728,36400000000,world,0.2423224300146103,-0.0005599528667517,-0.0116449510678648
36446433533,729,36450000000,world,0.2295160591602325,-0.0002563784655649,0.0258048363029956
36517444942,730,36500000000,world,0.2202767431735992,0.0005784294335171,0.0611877664923667
36538580026,731,36550000000,world,0.2086056619882583,-0.0005994892562739,0.0991563275456428
36605740201,732,36600000000,world,0.2011568993330001,-0.0005703715723939,0.135245218873024
36641684572,733,36650000000,world,0.1916078031063079,-5.209355003898963e-05,0.1757706552743911
36711990777,734,36700000000,world,0.183350458741188,-0.0004456718452274,0.2126207202672958
36743228070,735,36750000000,world,0.1757852882146835,-0.000256144121522,0.2508307993412018
36820976011,736,36800000000,world,0.1702731549739837,-0.0006330164032988,0.2900361716747284
36847771536,737,36850000000,world,0.1648053377866745,-0.0015473050298169,0.3269720375537872
36909040352,738,36900000000,world,0.1608612388372421,-0.0034749805927276,0.3383262157440185
36947594595,739,36950000000,world,0.1605761349201202,-0.0013297888217493,0.3741719722747803
37006021760,740,37000000000,world,0.1543200463056564,-0.0014112861827015,0.4178920686244964
37041621275,741,37050000000,world,0.1552888303995132,-0.0024182042106986,0.452460914850235
37105394854,742,37100000000,world,0.1558268666267395,-0.0025963780935853,0.4910708963871002
37142062221,743,37150000000,world,0.154727965593338,-0.0038985130377113,0.5270704627037048
37204249613,744,37200000000,world,0.151968166232109,-0.0037740778643637,0.5646446943283081
37243330367,745,37250000000,world,0.1469882130622863,-0.0038935772608965,0.6038932204246521
37303517157,746,37300000000,world,0.1411762684583664,-0.0039634830318391,0.6414569020271301
37338363135,747,37350000000,world,0.1350714564323425,-0.0046816975809633,0.6794816255569458
37400638139,748,37400000000,world,0.1279346197843551,-0.0039484272710978,0.7159355282783508
37436879563,749,37450000000,world,0.1161291673779487,-0.0051379241049289,0.7542405128479004
37503583971,750,37500000000,world,0.1065176427364349,-0.007160251494497,0.79046231508255
37539377112,751,37550000000,world,0.1000922992825508,-0.0062418039888143,0.8275899887084961
37607698409,752,37600000000,world,0.0918938443064689,-0.0063858428038656,0.8671867251396179
37648159750,753,37650000000,world,0.0839936956763267,-0.0073386123403906,0.9064512252807616
37707653073,754,37700000000,world,0.0796282216906547,-0.0078254546970129,0.944084107875824
37742228027,755,37750000000,world,0.0733420178294181,-0.008327136747539,0.983022153377533
37811684547,756,37800000000,world,0.0695365592837333,-0.0074440576136112,1.0208371877670288
37842381863,757,37850000000,world,0.065963476896286,-0.0094372304156422,1.0578583478927612
37906819849,758,37900000000,world,0.068601869046688,-0.0025756659451872,1.1226619482040403
37936386281,759,37950000000,world,0.071200355887413,-0.0021369778551161,1.1624186038970947
38012131835,760,38000000000,world,0.0723664164543151,-0.002272184472531,1.196907639503479
38052446389,761,38050000000,world,0.0758767127990722,-0.0016103158704936,1.2380369901657104
38105925275,762,38100000000,world,0.080506719648838,-0.0015993590932339,1.2740904092788696
38137604865,763,38150000000,world,0.0855035781860351,-0.0011812773300334,1.311958909034729
38200063099,764,38200000000,world,0.0931528657674789,-0.0019782381132245,1.3472083806991575
38237604787,765,38250000000,world,0.0999811217188835,-0.0015896410914137,1.3869863748550415
38303589215,766,38300000000,world,0.1115219369530677,-0.0013025020016357,1.4239513874053955
38340762425,767,38350000000,world,0.1215376555919647,-0.002699171192944,1.456484079360962
38405009973,768,38400000000,world,0.1333379447460174,-0.0017381547950208,1.4919061660766602
38445163779,769,38450000000,world,0.1484596729278564,-0.0013193684862926,1.527374029159546
38506313914,770,38500000000,world,0.164046972990036,-0.0015981624601408,1.5632617473602295
38543535430,771,38550000000,world,0.1795098930597305,-0.0017268896335735,1.5932246446609497
38602892114,772,38600000000,world,0.2023990452289581,-0.0002406213170615,1.6348029375076294
38639398925,773,38650000000,world,0.2188681066036224,-0.0002047784801106,1.6633481979370115
38707112924,774,38700000000,world,0.2412180304527282,-0.0002699033939279,1.6959742307662964
38739560770,775,38750000000,world,0.2624384462833404,-0.0008990801288746,1.7236366271972656
38805729354,776,38800000000,world,0.2856281399726867,0.0002346451510675,1.756592869758606
38838214512,777,38850000000,world,0.3079834580421448,-0.0018162735505029,1.7844234704971311
38903959754,778,38900000000,world,0.3319937586784363,-0.0015410180203616,1.815412998199463
38935781123,779,38950000000,world,0.3588665127754211,-0.0017168562626466,1.844991683959961
39001934305,780,39000000000,world,0.3832298815250397,-0.0007314587710425,1.8731005191802976
39038952806,781,39050000000,world,0.4088900089263916,-0.0029604532755911,1.900901436805725
39100847345,782,39100000000,world,0.4364216327667236,-0.0037323241122066,1.9300637245178225
39136859006,783,39150000000,world,0.4607113897800445,-0.0007078467751853,1.957063913345337
39205789461,784,39200000000,world,0.4819649457931518,-0.003396138548851,1.985219120979309
39238261913,785,39250000000,world,0.5144997835159302,-0.0018720618681982,2.012825727462769
39308250950,786,39300000000,world,0.5361831188201904,-0.000584494206123,2.0422346591949463
39339089501,787,39350000000,world,0.5653875470161438,-0.0021035152021795,2.069248676300049
39409182211,788,39400000000,world,0.5918091535568237,0.000558118452318,2.098777532577514
39436800558,789,39450000000,world,0.6187084913253784,-0.0006283599650487,2.1281981468200684
39503985292,790,39500000000,world,0.6453230381011963,-0.0016472353599965,2.1537632942199707
39539705423,791,39550000000,world,0.6711033582687378,-0.0013369430089369,2.182660818099976
39601472151,792,39600000000,world,0.6970071196556091,-0.0012975647114217,2.210716962814331
39637600432,793,39650000000,world,0.7222086191177368,-0.0002779051719699,2.240217447280884
39701197241,794,39700000000,world,0.7338037490844727,-8.466537110507488e-06,2.252180576324463
39738657545,795,39750000000,world,0.7333658337593079,-0.0002528598706703,2.252016544342041
39805830549,796,39800000000,world,0.7332792282104492,-0.0002334105083718,2.2521543502807617
39838786328,797,39850000000,world,0.7331551909446716,-0.0003083078190684,2.251988410949707
39902637810,798,39900000000,world,0.7332812547683716,-0.0002675724681466,2.252113342285156
39937761125,799,39950000000,world,0.7333573698997498,-0.0002028659800998,2.2521748542785645
40002556627,800,40000000000,world,0.7331186532974243,-0.0003486047498881,2.2519662380218506
40040673024,801,40050000000,world,0.733317494392395,-0.000227407523198,2.2521350383758545
40106041862,802,40100000000,world,0.7333213090896606,-0.0002427551080472,2.2521533966064453
40138520677,803,40150000000,world,0.7331551909446716,-0.0003083082556258,2.251988410949707
40205687620,804,40200000000,world,0.7332812547683716,-0.0002675743598956,2.252113342285156
40242424095,805,40250000000,world,0.7333573698997498,-0.0002028659800998,2.2521748542785645
40307340082,806,40300000000,world,0.7331186532974243,-0.000348604778992,2.2519662380218506
40341796583,807,40350000000,world,0.733317494392395,-0.000227407523198,2.2521350383758545
40407822908,808,40400000000,world,0.7333213090896606,-0.0002427551080472,2.2521533966064453
40438601258,809,40450000000,world,0.7331551909446716,-0.0003083082556258,2.251988410949707
40507989797,810,40500000000,world,0.7332812547683716,-0.0002675743598956,2.252113342285156
40536315237,811,40550000000,world,0.7333573698997498,-0.0002028659800998,2.2521748542785645
40603279223,812,40600000000,world,0.7331186532974243,-0.000348604778992,2.2519662380218506
40638100956,813,40650000000,world,0.733317494392395,-0.000227407523198,2.2521350383758545
40710289317,814,40700000000,world,0.7333213090896606,-0.0002427551080472,2.2521533966064453
40738756998,815,40750000000,world,0.7331551909446716,-0.0003083082556258,2.251988410949707
40821318421,816,40800000000,world,0.7332812547683716,-0.0002675743598956,2.252113342285156
40859569978,817,40850000000,world,0.7333573698997498,-0.0002028659800998,2.2521748542785645
40910301931,818,40900000000,world,0.7331186532974243,-0.000348604778992,2.2519662380218506
40956592381,819,40950000000,world,0.733317494392395,-0.000227407523198,2.2521350383758545
41017347269,820,41000000000,world,0.7333213090896606,-0.0002427551080472,2.2521533966064453
41052769826,821,41050000000,world,0.7331551909446716,-0.0003083082556258,2.251988410949707
41113937460,822,41100000000,world,0.7332812547683716,-0.0002675743598956,2.252113342285156
41141449449,823,41150000000,world,0.7333573698997498,-0.0002028659800998,2.2521748542785645
41206663651,824,41200000000,world,0.7331186532974243,-0.000348604778992,2.2519662380218506
41241095224,825,41250000000,world,0.733317494392395,-0.000227407523198,2.2521350383758545
41302222057,826,41300000000,world,0.7333213090896606,-0.0002427551080472,2.2521533966064453
