stamp,x,y,x_gt,y_gt
0,0.0,0.0,0.0,0.0
50000000,4.553625831960062e-08,2.7368379340586557e-08,1.3589129821411916e-13,2.0183854587685346e-13
100000000,4.365254024918386e-08,2.738374760280493e-08,2.6290081223123707e-13,4.005684672847565e-13
150000000,4.947504006480585e-08,2.6203675451696995e-08,1.509903313490213e-14,-4.9960036108132044e-14
200000000,4.808403364364722e-08,2.6578383716113763e-08,-8.881784197001252e-15,-1.5987211554602254e-14
250000000,4.858593083412188e-08,2.7212634812201486e-08,-3.552713678800501e-15,-1.6209256159527285e-14
300000000,4.836469225111273e-08,2.729588333139077e-08,-1.1901590823981678e-13,2.948752353404416e-13
350000000,4.8143453224014365e-08,2.7379131961602354e-08,-2.7533531010703882e-14,1.192379528447418e-13
400000000,4.784473661700872e-08,2.7379419287321127e-08,6.394884621840902e-14,-5.595524044110789e-14
450000000,4.7546020010003076e-08,2.7379706502017598e-08,-1.5987211554602254e-14,-1.3322676295501878e-14
500000000,4.724730295890822e-08,2.7379993716714068e-08,2.4513724383723456e-13,3.8768988019910466e-13
550000000,4.693370625474813e-08,2.7371720556779167e-08,1.199040866595169e-13,1.6275869541004795e-13
600000000,4.6602653291927254e-08,2.7040587435855912e-08,-7.105427357601002e-15,-6.52811138479592e-14
650000000,4.885520299424684e-08,2.7171924044111506e-08,-2.5757174171303632e-14,-2.9531932455029164e-14
700000000,4.997091718195179e-08,2.5962182514938092e-08,-1.9539925233402755e-14,-3.019806626980426e-14
750000000,4.740884484988328e-08,2.7815648118156844e-08,-1.412203687323199e-13,2.7977620220553945e-13
800000000,4.7130093161484865e-08,2.7287945902898514e-08,4.440892098500626e-14,-6.616929226765933e-14
850000000,4.78511106294377e-08,2.76441205482314e-08,6.217248937900877e-15,-4.8183679268731794e-14
900000000,4.8373295147285944e-08,2.791923414680042e-08,-3.552713678800501e-14,-2.7533531010703882e-14
950000000,4.85038906816726e-08,2.7876963515360842e-08,2.255973186038318e-13,3.743672039036028e-13
1000000000,4.863448577197005e-08,2.783469277289896e-08,-2.6645352591003757e-14,-7.37188088351104e-14
1050000000,4.8765081306356706e-08,2.7792422141459383e-08,-3.552713678800501e-14,-6.017408793468348e-14
1100000000,4.583169310734547e-08,2.6402144692738716e-08,-4.440892098500626e-14,-4.39648317751562e-14
1150000000,5.000821312606263e-08,2.557736689112744e-08,-3.907985046680551e-14,-4.263256414560601e-14
1200000000,4.835083222687331e-08,2.727847070449485e-08,-1.6342482922482304e-13,2.6689761511988763e-13
1250000000,4.673029163626552e-08,2.8498231108287086e-08,2.7533531010703882e-14,-8.08242361927114e-14
1300000000,4.721404334162571e-08,2.745803584502937e-08,-5.3290705182007514e-14,-4.1300296516055823e-14
1350000000,4.768169903357489e-08,2.756351369370691e-08,-5.240252676230739e-14,-4.085620730620576e-14
1400000000,4.814935428143485e-08,2.7668991431362144e-08,2.042810365310288e-13,3.597122599785507e-13
1450000000,4.861700952929482e-08,2.777446916901738e-08,-3.9968028886505635e-14,-9.059419880941277e-14
1500000000,4.596231528708472e-08,2.6537236519352803e-08,-5.861977570020827e-14,-5.773159728050814e-14
1550000000,5.003344538678789e-08,2.5987089036227928e-08,-6.394884621840902e-14,-5.88418203051333e-14
1600000000,4.9946526026189986e-08,2.583592573213167e-08,-1.7763568394002505e-13,2.5490720645393594e-13
1650000000,0.009578941281449094,0.01961634019687375,0.011141304360217319,0.02363708760292116
1700000000,0.02399235030376623,0.05315087859113643,0.027814444860437604,0.057502443182788965
1750000000,0.042486682185447044,0.08575439813781127,0.045757387004695005,0.09068142954222924
1800000000,0.060086757966066884,0.11901682000247626,0.06485936570255646,0.12318224477163531
1850000000,0.08048320237811035,0.15148961513076376,0.08519054382637492,0.15490488199842944
1900000000,0.10178093605132554,0.1884936775403575,0.10663061016945363,0.18586991156173172
1950000000,0.12607917436201443,0.22022500260270728,0.12924255733884493,0.21597266049264963
2000000000,0.14748522898435512,0.24875521762738384,0.1529077956629017,0.24524205880112193
2050000000,0.1709893927765349,0.27950596774362135,0.17768184793234898,0.27356927273471676
2100000000,0.1955309689505511,0.3015650280114832,0.20344842598665913,0.3009914527574229
2150000000,0.22189809600285137,0.3303878678088631,0.23025530843469344,0.32739613634796205
2200000000,0.21266917712326538,0.32293317130217447,0.21592637101661616,0.3147172903051323
2250000000,0.1893015193273313,0.2973668652411354,0.18936240803365578,0.2880575547712172
2300000000,0.16298126855328654,0.2686584359308729,0.16378446178216421,0.260478782158883
2350000000,0.14010729839557579,0.23934400682151136,0.13927462807767022,0.2319107230289318
2400000000,0.1175617440741279,0.20872745229632894,0.11578752516238033,0.2024731133246953
2450000000,0.0919735838189224,0.17787084774527395,0.09344881507483649,0.172140746584858
2500000000,0.07506945362185347,0.14817747516804014,0.0721984108897793,0.14102013231822175
2550000000,0.053631713184205676,0.11526667272154445,0.05215608775282288,0.10908739558689129
2600000000,0.03662255254901359,0.08141200059549014,0.0332544295032946,0.07644449245748397
2650000000,0.0190876437988714,0.046928420648045144,0.015614576895610632,0.043075978085541644
2700000000,0.002385536825408874,0.014554880971932027,-0.0008622232887454118,0.009076308937581046
2750000000,-0.012353535808745875,-0.022135387417993035,-0.016250826630737514,-0.02555444629164394
2800000000,-0.02860361103289044,-0.060520597109281815,-0.030658474983415118,-0.060678134739151623
2850000000,-0.03966774411942442,-0.09889780264808512,-0.04404587323170528,-0.09630046188315816
2900000000,-0.05441967371686207,-0.14200954826470663,-0.05652330541941453,-0.13232292682271574
2950000000,-0.06092664066226128,-0.17290467955956434,-0.06801788082105897,-0.1687171025110818
3000000000,-0.07428984216589951,-0.21354163758278488,-0.07869519006654002,-0.20542316520764103
3050000000,-0.0814845428665647,-0.2537649555446001,-0.08836137147644951,-0.2424336814502206
3100000000,-0.08853589098252046,-0.2888859831575177,-0.0972032790629811,-0.2796934202001804
3150000000,-0.09533327051373774,-0.3223978991808907,-0.10539967136396733,-0.3171810462300273
3200000000,-0.1108477990965242,-0.36427400733785964,-0.11303605226329339,-0.3548477231287941
3250000000,-0.11848311503368958,-0.4021527706988361,-0.12009072055684289,-0.392665270299988
3300000000,-0.1275602847327102,-0.441415595373033,-0.12642069853954752,-0.4306141677125841
3350000000,-0.12963451114863034,-0.47894045056251455,-0.1318743766176551,-0.4686798912763283
3400000000,-0.13151483037339062,-0.5199496719683331,-0.1358141007798519,-0.5008106327055009
3450000000,-0.13169559761524452,-0.4851518332833844,-0.13276170347257832,-0.4631275115019071
3500000000,-0.12942177103101304,-0.4500839250688973,-0.12903230451439995,-0.4250824186414137
3550000000,-0.12545641608099745,-0.40749124780275414,-0.12441460646858182,-0.38715031984734
3600000000,-0.12373977607185926,-0.36705012545333154,-0.1189790475501944,-0.3493404313694608
3650000000,-0.1151503055964258,-0.32776021221451773,-0.11266053646533258,-0.311682220028924
3700000000,-0.10886751346634149,-0.2898445057363207,-0.10553905062560354,-0.2741834274647741
3750000000,-0.0979522454613555,-0.2519521543997297,-0.09757726969941771,-0.23688380278525778
3800000000,-0.08956716207800586,-0.21243405394351006,-0.08878599934518405,-0.19978418304602907
3850000000,-0.07982512091628191,-0.17456652848116383,-0.07912700615041857,-0.1629231493633651
3900000000,-0.06823684221717974,-0.13918321657443333,-0.06868718711839605,-0.1263067340383892
3950000000,-0.05625793185560468,-0.10268118561909839,-0.057358668034812155,-0.08999770586870026
4000000000,-0.04465581616099046,-0.06343606323276207,-0.04518763342003318,-0.05403244968792087
4050000000,-0.03164007397762658,-0.024785212797557743,-0.03216019361630451,-0.018515162212351055
4100000000,-0.019423083927913254,0.010023446942481251,-0.017914358800039665,0.01649650034372785
4150000000,-0.004656258771697175,0.04712678389868341,-0.002587115446591959,0.051031838029671595
4200000000,0.013391769343949811,0.08052013657529189,0.012823755398793324,0.08553870992403778
4250000000,0.03056975614587376,0.11489297320272174,0.02729942688094944,0.12045803499677055
4300000000,0.04560094967543726,0.15233667779549176,0.040544377966412526,0.15589556414461603
4350000000,0.060715260807582716,0.18711706514939652,0.052576847098623425,0.19182692828566728
4400000000,0.07167019442557354,0.22618544164689713,0.06346237716000047,0.2281922692690599
4450000000,0.08405945317006225,0.26414838410026575,0.0730619933973502,0.26493064481918693
4500000000,0.09347777093683085,0.30364189977721867,0.08140079743591677,0.3020081009403728
4550000000,0.10289939616938204,0.34079707633344114,0.08836195210557651,0.33940415345983554
4600000000,0.10972760394374381,0.37815584733328855,0.09412785630354037,0.3770434712470768
4650000000,0.11873545825458498,0.41774307533484933,0.09898516220161024,0.41491334278857517
4700000000,0.12356703217484766,0.4563422258621733,0.10309292144189719,0.45292642862925037
4750000000,0.12850230374789273,0.49354849348144125,0.10552298846003261,0.48061474026764095
4800000000,0.12479922156696599,0.4594456829250243,0.10343615544827323,0.4472695557889613
4850000000,0.1201009312120993,0.42209758682329956,0.1000197210576097,0.40919465824164314
4900000000,0.11421303810889238,0.3833253076549299,0.09581747922674033,0.3712488699610863
4950000000,0.10788321577218207,0.34415290629686224,0.09055642385863116,0.3334896867400756
5000000000,0.09955707299737826,0.30665165766150515,0.08416820660269764,0.2959704420328353
5050000000,0.09077566244039392,0.26908092184975185,0.07643791723114024,0.25875512188511696
5100000000,0.07973645640114402,0.23000131081956743,0.06739282892333875,0.22187091819257843
5150000000,0.06793987439575533,0.19234538218489627,0.05702022795553585,0.18539895184637567
5200000000,0.053025965702844235,0.15243293996679408,0.04538272805272925,0.14935691900848036
5250000000,0.038685706646722995,0.11755008680443124,0.03239062583177876,0.11379976744337794
5300000000,0.021558996926655194,0.0825662123230525,0.018172883218637637,0.07876471651660555
5350000000,0.0032746550577478217,0.04857653872734957,0.0026273422787239653,0.044323390602370005
5400000000,-0.014415223008243938,0.015402113096930625,-0.014114816000031283,0.010490209920936522
5450000000,-0.03489598779175962,-0.017547055316546434,-0.03213564919937362,-0.022641236788799257
5500000000,-0.055206503344853,-0.0517211522108022,-0.051307723094774715,-0.05509130352440417
5550000000,-0.07701674834442285,-0.08260380022933939,-0.0717023662821008,-0.08674652682860134
5600000000,-0.10220221684943498,-0.11508481957247679,-0.09320275638015474,-0.1176340754310563
5650000000,-0.11880740409653479,-0.13730945927370242,-0.10346330273878657,-0.13098144869474954
5700000000,-0.09651679577087302,-0.10685370615719125,-0.08134745172818292,-0.10076603711362653
5750000000,-0.07098458994460755,-0.07414495933401549,-0.060104901891933515,-0.06966204066114712
5800000000,-0.04820626133195116,-0.04231945305126117,-0.03997617167594392,-0.03780690915390572
5850000000,-0.02760259624794159,-0.01083611246514693,-0.021077019418960674,-0.0051815514386415185
5900000000,-0.006410162040242362,0.02501189020733685,-0.003329186135861306,0.0281131148392757
5950000000,0.011569734772597151,0.05787179247305263,0.013140963150721774,0.06208668905403836
6000000000,0.029086114024214904,0.09233800090750677,0.028411296450805423,0.09664551219229844
6050000000,0.045000924564392086,0.12837144779772902,0.04236022426184061,0.13179286399952117
6100000000,0.0578584971571825,0.15751668066276536,0.052015523549583165,0.15808838527051117
6150000000,0.05827503737478379,0.15775761544381306,0.05201754410530057,0.15809025550951405
6200000000,0.05795204406511889,0.15763170593671383,0.05201912344659476,0.15809167714676187
6250000000,0.057966133637987305,0.1576945007010182,0.05202180327220418,0.15809381451409443
6300000000,0.05857689233556407,0.15712173431314813,0.053662873296309144,0.1628923619052718
6350000000,0.07107246691604585,0.1960857333606535,0.06586451043093966,0.19855105921845162
6400000000,0.08375582420352856,0.23156685068472727,0.07809627506102679,0.23426651026499412
6450000000,0.09612405899800036,0.26756462832941175,0.09032755346881594,0.2699818874114679
6500000000,0.10865910795710443,0.30414611776837197,0.10256649852589206,0.3056944187866999
6550000000,0.12054582528147684,0.34098972100084746,0.11481696456591273,0.34139080038907244
6600000000,0.13592513352243119,0.37535467866650785,0.12707509537512962,0.3770843290876029
6650000000,0.14812445969477395,0.41309067872837446,0.13934708237587934,0.4127848250724324
6700000000,0.15977944923769094,0.44987940792444114,0.1516267329262284,0.44848246543443115
6750000000,0.1726114618008907,0.48444319720601536,0.16390591642332097,0.48418002196391574
6800000000,0.18722131825465071,0.5214813458406266,0.17619276273449636,0.5198747230450887
6850000000,0.2004228815607143,0.5555757634212589,0.18849112429285508,0.5555532541369689
6900000000,0.21242583697809625,0.5901896884548604,0.20079714674336557,0.5912289226672195
6950000000,0.22596221961170304,0.6267715275825162,0.21311782653869127,0.6269368835792711
7000000000,0.236746546218066,0.6642733440686343,0.22544497766614846,0.6626451885432146
7050000000,0.24868369399725143,0.6999541765390297,0.23778221479523332,0.6983375711787482
7100000000,0.2626768485687445,0.7328699208168411,0.2501256363540296,0.7340272368591337
7150000000,0.2749694656139461,0.7706614498928609,0.2629485072698756,0.7695975967294907
7200000000,0.2871983524050927,0.8049900224301135,0.27656138360540616,0.80487776589421
7250000000,0.30202262125737755,0.8420071139227671,0.291494513056076,0.8395869034074618
7300000000,0.31554769043710307,0.8726792890565856,0.30763903654709956,0.8737181324008597
7350000000,0.33431438683776804,0.9081535800317587,0.3250781570184529,0.9071804257943138
7400000000,0.34921788677547205,0.9442033176228205,0.3436914436496874,0.9399878008057229
7450000000,0.3689683237206851,0.9778980220035886,0.3635526124909294,0.9720410568570682
7500000000,0.38723188437325673,1.0066463273210973,0.3845422855502978,1.0033616000816061
7550000000,0.4107558874524373,1.0399887651480815,0.4067161047481509,1.033844543098744
7600000000,0.4332332094569349,1.0681680199366577,0.42995784102744317,1.0635122630281324
7650000000,0.4604861175909818,1.0990217243909992,0.454331469765787,1.0922613096990572
7700000000,0.48172343240529614,1.1276928862421718,0.4796809744686694,1.1200832339140043
7750000000,0.5068274162943678,1.1555777669835212,0.5060770484194883,1.1468986023547356
7800000000,0.5294718576751234,1.1788261190445892,0.5334140233865927,1.1727552446829623
7850000000,0.5577378734024201,1.2063840926265952,0.561733366625031,1.1975382172394475
7900000000,0.5859888615248123,1.2314214258655891,0.5909243303905551,1.2212989302494006
7950000000,0.6170489223873035,1.253082572419681,0.6210202460906213,1.2439198039073447
8000000000,0.6465354602192712,1.2761071383090337,0.6519142203993891,1.2654598702432458
8050000000,0.6732848475788105,1.2930175122239658,0.6836312783405081,1.2857994936988044
8100000000,0.7063933306248695,1.3141244427342422,0.7160689050327615,1.305005041588387
8150000000,0.736434719468047,1.3286997219639463,0.749243042595257,1.322955999165237
8200000000,0.7687749447132588,1.3440398842381218,0.7830512576021409,1.3398043806482192
8250000000,0.8005348140471069,1.3569776241818108,0.8174902565910003,1.3553495258408534
8300000000,0.8354401527965041,1.372988251445562,0.8523323187862619,1.3699999413631407
8350000000,0.8742425426295095,1.3914361661501458,0.8874505478442938,1.384029403664305
8400000000,0.9091609886944663,1.4065819911496802,0.9225776984496701,1.3980449916394693
8450000000,0.943516599003801,1.4180032117742911,0.9577050024594485,1.412059632770485
8500000000,0.9790286166706546,1.4316927364144503,0.9928325419528594,1.4260737214188093
8550000000,1.0141285251545207,1.4452014542049607,1.027960336472745,1.4400872117078092
8600000000,1.048301949030138,1.4544722583651337,1.063088366402022,1.4541001496404165
8650000000,1.0828048910767727,1.4687027598678237,1.098216651358653,1.4681124891596866
8700000000,1.1156322821858748,1.4837249580882328,1.1333451717257308,1.482124276272264
8750000000,1.1477099282208134,1.4978190109380831,1.168473947121301,1.4961354649170118
8800000000,1.184438015973377,1.5139436866563578,1.2036029579283092,1.5101461011047683
8850000000,1.2131775212515512,1.5259506427652205,1.2387322237649094,1.5241561387701976
8900000000,1.2493101257879262,1.540144583507053,1.2738617250139497,1.538165623928332
8950000000,1.2811636906782355,1.5505465169124948,1.3089914812937007,1.5521745105096412
9000000000,1.3156051539120635,1.5660624441536415,1.344121472986911,1.5661828445333401
9050000000,1.3540348737947867,1.5800922736268164,1.3792517197119203,1.5801905799257163
9100000000,1.392408952910141,1.5980839147724186,1.4144820693229168,1.5939633176797465
9150000000,1.4265472885228303,1.6130281869049226,1.449955876621825,1.6071402767600533
9200000000,1.462223411998966,1.625238969596706,1.485871086360186,1.619155138025142
9250000000,1.4968906473225347,1.6395932105806486,1.522252362846931,1.6299245490412857
9300000000,1.5331418421942733,1.6469534438572522,1.5590073474551946,1.6393545329058452
9350000000,1.5733486097826699,1.6569241872601292,1.5961059953299177,1.6475391338697172
9400000000,1.6092184837512093,1.6640449303695206,1.6333699463716105,1.655037612707059
9450000000,1.6478124226782234,1.6717261619419164,1.6706900902619957,1.6623235965475707
9500000000,1.6830054856851486,1.677577484832427,1.7080032569083077,1.6695989426246878
9550000000,1.7181128825853915,1.6837905270619014,1.7453297057090982,1.6768948000876271
9600000000,1.7725510730663623,1.696507455096674,1.7826446606782422,1.6841671001359129
9650000000,1.808563158296396,1.7032296448503885,1.8199644276447522,1.6914431477453071
9700000000,1.8479175615698686,1.7085797221272352,1.857282842805008,1.698724814776687
9750000000,1.8907752857743123,1.717595045131282,1.8945978902615206,1.7059929639793556
9800000000,1.9245864634302599,1.7233585241923643,1.9319239122726355,1.7132761473598035
9850000000,1.9596975186214063,1.7316261648502964,1.9692416740256193,1.7205478534949834
9900000000,2.000308654855675,1.736185423870921,2.006565587786751,1.7278215184315369
9950000000,2.0375776775844847,1.745559856724165,2.0438852277732167,1.7350978461226187
10000000000,2.0734794675787325,1.7474142707472144,2.0812011727659208,1.7423611045715233
10050000000,2.107067905136134,1.7584403762241756,2.118526126405145,1.7496332968371808
10100000000,2.145390443055171,1.7606157198871326,2.155844901444963,1.7568979611261386
10150000000,2.1808740515667413,1.7680169595359274,2.1931656962484674,1.7641655680540729
10200000000,2.220266088540834,1.7749885032919157,2.2304891834159566,1.7714365771268743
10250000000,2.258430227130484,1.7845770012098483,2.2678122736394357,1.7786983164754337
10300000000,2.295895507308206,1.7900576782864088,2.3051329578851654,1.785964466175742
10350000000,2.3324875790983985,1.7951201751897061,2.3424620068247286,1.7932204107465934
10400000000,2.370952091862795,1.8093639403636232,2.3797916242052413,1.800475601788507
10450000000,2.410865084995822,1.8179991904435928,2.4171238093123897,1.8077252770244208
10500000000,2.4474726393972794,1.8256535922835675,2.4544557428666263,1.8149704933146773
10550000000,2.48578825683211,1.829773208431627,2.4917865492356985,1.8222148137160925
10600000000,2.5222580035484503,1.8379550919016614,2.529115213289005,1.8294518696171909
10650000000,2.5590308926714935,1.8435680800651193,2.5664526963826955,1.8366954365691965
10700000000,2.5994181670932828,1.849303194095814,2.6037823033390897,1.8439262414456254
10750000000,2.6330759980506944,1.8545037119953482,2.6411184795429126,1.8511593655033995
10800000000,2.670979740406568,1.8636442143616798,2.6784536600015105,1.8583882204229831
10850000000,2.707491653623674,1.8705955351681829,2.7157905316694126,1.8656149526747043
10900000000,2.743883846546004,1.8819596448008542,2.7531256579851213,1.872835848257702
10950000000,2.786216675921232,1.8899938525884714,2.7904643778298563,1.8800642633679128
11000000000,2.819541476895587,1.8991933507438459,2.8278005290522703,1.8872734093280128
11050000000,2.8551406107680637,1.906560783876237,2.86513494772572,1.894485142523766
11100000000,2.893266395152633,1.9136383161394281,2.902477864758149,1.901699618648872
11150000000,2.931440983950694,1.9165657862277792,2.9398172282052144,1.9089103004428765
11200000000,2.972834399392249,1.9231542250536728,2.977157833613651,1.9161159553323608
11250000000,3.008285608470872,1.932059305819096,3.0145022814325557,1.9233200088526008
11300000000,3.0461501300725673,1.9375243317225674,3.051846020214432,1.9305332053414124
11350000000,3.083376536839201,1.9437700614100115,3.0891830446172666,1.9377124141188689
11400000000,3.1207363564467636,1.9515971001067567,3.126520035354874,1.9449006322618807
11450000000,3.156650934207145,1.9561458573069328,3.1638703955807745,1.9520997775789244
11500000000,3.1942451562007936,1.9631687001872322,3.2012132161402302,1.9592890097912563
11550000000,3.2325464599236,1.9704855452229313,3.238559666982928,1.9664740726268723
11600000000,3.27555462513283,1.9843301971306864,3.27591128971933,1.973660840736997
11650000000,3.3147933182661657,1.9892643486112962,3.3132549943370826,1.9808449642266566
11700000000,3.3481920545747244,1.993845474456637,3.3505979190490454,1.988008120312473
11750000000,3.385166196687537,2.0006832177019644,3.3879416274038423,1.995179955106308
11800000000,3.4266433807710146,2.0072595378743125,3.4252952517325124,2.0023566740795853
11850000000,3.460525869522032,2.013958917526074,3.4626427576436427,2.009522020203579
11900000000,3.4976082492465492,2.023150506690777,3.4999937908730434,2.016688960544354
11950000000,3.5359672630921892,2.028019081232678,3.5373440041545354,2.0238491399350362
12000000000,3.571036713737389,2.03576697181748,3.5746962333932526,2.0310135468106405
12050000000,3.612405244610778,2.0422964713551477,3.612043321354667,2.0381604660489825
12100000000,3.6479304793910505,2.0465534834329007,3.649395463789725,2.0453161335282317
12150000000,3.6842442477860944,2.056246191404158,3.6867500922509926,2.0524662682654595
12200000000,3.7228618683244354,2.062248021493064,3.724104500480495,2.059611898236375
12250000000,3.7617762188617543,2.072026562593518,3.761457771156405,2.066756780990123
12300000000,3.7992715571287787,2.0760802494684825,3.798808896189501,2.073894350274104
12350000000,3.8348605691843045,2.083485664491303,3.836168818173304,2.08103843604665
12400000000,3.8763101860264277,2.0957699460737245,3.8735208684598863,2.088169761525982
12450000000,3.914783040748747,2.099947077684662,3.9108794759838066,2.0953034380115017
12500000000,3.9545444529406892,2.1059001961237067,3.948237047838285,2.1024328495101945
12550000000,3.9903578755330953,2.111233289955447,3.9855963329793713,2.10956011489721
12600000000,4.029109588992001,2.119508174537488,4.022953836459854,2.1166816242090847
12650000000,4.068101627435878,2.1257628886522397,4.060314946080968,2.123810597856653
12700000000,4.103175536408753,2.1348398229286456,4.097673457267755,2.130920380975359
12750000000,4.1420737313989475,2.1397673508442643,4.135030241548332,2.1380327012740334
12800000000,4.1769923019483395,2.146009614655049,4.172496147872765,2.14470012563295
12850000000,4.215887441146753,2.151266386778614,4.210120533092919,2.150536238831879
12900000000,4.253756329622582,2.1565619779436624,4.24797173859489,2.1552131539977477
12950000000,4.292147921019487,2.162152169689251,4.285997377769167,2.1589644199280498
13000000000,4.3287483123900286,2.1635019384628915,4.324141748469982,2.162062429763987
13050000000,4.365666203581424,2.1673488814642985,4.362361921948386,2.16380790138422
13100000000,4.405561397571324,2.168813055252937,4.40051250624351,2.164921889616281
13150000000,4.443114727305376,2.170922961945132,4.438553229425219,2.165966592437509
13200000000,4.488980844460923,2.1724608829689167,4.476576305454353,2.1670371703372715
13250000000,4.524705175627624,2.174332146102106,4.514593679130618,2.168141312550474
13300000000,4.558366980701306,2.1748686454110575,4.552607703101964,2.169278091825624
13350000000,4.599688124549856,2.1784295404443426,4.59062017019264,2.170451537088633
13400000000,4.6379273648210635,2.177904608310946,4.628630138626333,2.171654995191069
13450000000,4.675160891220132,2.17649543336414,4.666635799207489,2.1728864422530334
13500000000,4.714035865141703,2.1743201626073003,4.704660631707951,2.174162924970371
13550000000,4.752224336540826,2.171959034505336,4.74267475762781,2.1754549840392707
13600000000,4.794073594046035,2.1824543969173704,4.780693371030916,2.1767773105075983
13650000000,4.831723434029197,2.1851041396816537,4.818708999475618,2.178126652069717
13700000000,4.871759899104813,2.187079123626344,4.856725537224305,2.179498753480237
13750000000,4.911504870862968,2.1908569970521787,4.894769254102348,2.180979028526052
13800000000,4.948888982572346,2.1900640089024086,4.93298635241373,2.183445179724471
13850000000,4.986678229509103,2.191329539610789,4.971250630699409,2.1859344184130673
13900000000,5.02210546892376,2.194482706788296,5.009544642229466,2.187698486747412
13950000000,5.0638826119315725,2.189512447314805,5.047864683504869,2.1882650417716025
14000000000,5.103000756555123,2.1918106419567582,5.086195188001261,2.188265041771331
14050000000,5.141427760197345,2.1925606632014034,5.1245254839969725,2.1882650417706726
14100000000,5.178754939094163,2.1897756013516103,5.16285577999267,2.188265041770013
14150000000,5.2171963527911815,2.190053752052465,5.201186075988364,2.188265041769354
14200000000,5.259112371008808,2.191687774648555,5.239516371984061,2.188265041768695
14250000000,5.295977759987818,2.193384033463735,5.2778451963417705,2.1885340484589477
14300000000,5.330294808944847,2.186033962209992,5.3161641703065765,2.1885805044047246
14350000000,5.372629615859742,2.194280079483739,5.354455532368345,2.1877252743846585
14400000000,5.40932878296533,2.190317203917964,5.392702314378889,2.1860240819635237
14450000000,5.4468021153264345,2.182942705648844,5.430879682975052,2.1834013853047707
14500000000,5.482500931930495,2.1785409658075765,5.468973298935774,2.179923308738489
14550000000,5.521792201971781,2.1759491749343365,5.506954413118322,2.1755155531123407
14600000000,5.560389281558302,2.1719218808885583,5.544811463385125,2.170247915024825
14650000000,5.598539095817527,2.165998849538728,5.5825118314755535,2.164046503180332
14700000000,5.630041316592171,2.15658831878989,5.6200467697472245,2.156981394915587
14750000000,5.667417733044443,2.155858351775753,5.657371594433833,2.149051878397916
14800000000,5.7074605642068335,2.1525716654567684,5.694475191656776,2.14035832194079
14850000000,5.745402661097648,2.139408287623764,5.731286371204618,2.1305325601806677
14900000000,5.779364257963181,2.128441178562494,5.767840202547619,2.119903980968861
14950000000,5.815755467656974,2.1153086252206332,5.804076187936934,2.10837616861274
15000000000,5.846724589535245,2.0978193731992545,5.839991111586189,2.0961596530751856
15050000000,5.887416644751005,2.094406657326247,5.875660858630576,2.0836182001061276
15100000000,5.921461372900723,2.072976468953974,5.911207535471112,2.070903182688717
15150000000,5.956908697916418,2.061894033980521,5.946749352866014,2.0581705849322747
15200000000,5.990381861021126,2.046963194885414,5.982290660100111,2.045441667118436
15250000000,6.0259535939284845,2.031784739436266,6.01782726318061,2.0326955489911223
15300000000,6.061907190446041,2.018944502758909,6.053363355275495,2.019953119830922
15350000000,6.097525316638173,2.0070149794102288,6.088894739560088,2.007193484270182
15400000000,6.132185510655995,1.9905419741898522,6.1244256119386,1.99443754645177
15450000000,6.172103772712527,1.9837062734220083,6.159951772852464,1.9816643961514844
15500000000,6.2091100623367765,1.9745091289472758,6.195477420944362,1.9688949523616057
15550000000,6.25302693218948,1.9785691041986189,6.2309983539069105,1.9561082900259574
15600000000,6.285543786955329,1.964071424015875,6.266518773081122,1.9433253429828827
15650000000,6.319656817753392,1.9494448017556363,6.302034473472327,1.9305251713192257
15700000000,6.356068798072325,1.9400882393028072,6.3375496590943765,1.917728723722817
15750000000,6.394551787392626,1.9328494662032902,6.373060122309466,1.9049150454338513
15800000000,6.429273631520455,1.9166686373577155,6.408570069780181,1.8921050999647866
15850000000,6.4655785614999814,1.905196466202356,6.444075291251373,1.8792779177384848
15900000000,6.499879878515944,1.8933197688678836,6.479439332892197,1.8659103145228757
15950000000,6.532472859567024,1.879038968038242,6.514430511652046,1.851617264353815
16000000000,6.559676638428103,1.8359617895981053,6.548865994628963,1.8361042853648804
16050000000,6.589936025445289,1.8166802348688624,6.582656344437959,1.819290445313157
16100000000,6.6259711153213585,1.8037455798146005,6.615808351224532,1.801295249572766
16150000000,6.657328935656966,1.7812458381161322,6.64823555382579,1.782032921634106
16200000000,6.694961020447533,1.7631985960901293,6.679950744852489,1.761629146786913
16250000000,6.724341957101886,1.7433457153657974,6.710842991411964,1.740022593981629
16300000000,6.752557836116905,1.7189678180706194,6.741121072315286,1.7175640603117581
16350000000,6.797009944311286,1.7160704814338343,6.770923485126723,1.694536122722527
16400000000,6.825437117485201,1.6905696593343893,6.800691309191484,1.6714732245702515
16450000000,6.857759499839531,1.6679192401271936,6.830459183010568,1.648410389677867
16500000000,6.884618690735682,1.643964491664203,6.860227174671662,1.6253477045756477
16550000000,6.912429424381031,1.6202148308013515,6.88999529405452,1.6022851818235067
16600000000,6.947818151942393,1.5993879924224421,6.91940441443017,1.5787783009144252
16650000000,6.971160516665817,1.5666363870935296,6.948168821749711,1.5545085226828852
16700000000,6.996976561167537,1.5414040382569971,6.976046568543952,1.529233181129897
16750000000,7.022369191308199,1.5158376196596741,7.00292441540304,1.5029006603730735
16800000000,7.052853433276045,1.489542640719455,7.028845642798375,1.4756251112648475
16850000000,7.0777586213427846,1.4620246932383472,7.053695395651918,1.447364805788499
16900000000,7.099802387124715,1.4327160668857277,7.077524837147363,1.4182306056114826
16950000000,7.118562707970144,1.4059210857794917,7.100216462474039,1.3881889173019921
17000000000,7.143896159776036,1.3754068755634017,7.121829065148495,1.357346765121339
17050000000,7.161333646709327,1.3446549778581582,7.142243066087666,1.3256788573609959
17100000000,7.182260219208667,1.3129295146330517,7.161524603793167,1.2932878562170935
17150000000,7.205084676582265,1.2793509503909282,7.1798708508154565,1.2603307188267356
17200000000,7.222839177553801,1.2504290099810902,7.197697281214685,1.2270731095286478
17250000000,7.238656784540175,1.216010828782561,7.2154865260813,1.1937947310669421
17300000000,7.2568186057378545,1.181996334358224,7.233275361671046,1.1605161247253633
17350000000,7.272184255452518,1.149140285035687,7.250436040840761,1.126896942733298
17400000000,7.294839442042219,1.111435410988094,7.2667881921442525,1.0928547032975637
17450000000,7.3086994257857745,1.077590748104607,7.281947692572878,1.0581978398857403
17500000000,7.32328064164026,1.0434094882309926,7.29595318272929,1.0230347313919288
17550000000,7.341891354498685,1.0072211657775387,7.308699305363465,0.9873690946881936
17600000000,7.355907124782172,0.9705133940718539,7.320190394741628,0.95125364484402
17650000000,7.365345060851664,0.9325572447801839,7.330304273394983,0.9147016229192254
17700000000,7.374398430455899,0.8967962859692117,7.339671950408535,0.8779236824683595
17750000000,7.3824232397870055,0.859566413266856,7.348597217642805,0.841021843886879
17800000000,7.3890490390166,0.8239397586160663,7.357519316388467,0.8041191350431441
17850000000,7.3918061391813445,0.7855274743831663,7.366440577484525,0.7672161961873675
17900000000,7.3971921570611965,0.7509542989620851,7.375361071207005,0.7303130466528053
17950000000,7.4076277251641125,0.7131166472369458,7.384280733647314,0.6934096688897465
18000000000,7.4145144323880725,0.6766891487154655,7.39319962865231,0.6565060804680968
18050000000,7.421511091448801,0.6411561240658249,7.402117692322394,0.6196022638429975
18100000000,7.429905304751614,0.6039554541913491,7.411034988454405,0.5826982365606671
18150000000,7.43852259261707,0.5679668848185889,7.4199514532019855,0.5457939810997793
18200000000,7.448758039204049,0.5305515122576435,7.428867150346845,0.5088895149981324
18250000000,7.454228309235328,0.49453418080613665,7.437782016037254,0.47198482073577963
18300000000,7.462207568950861,0.45929688537435187,7.446696114060314,0.4350799158491543
18350000000,7.469100193461358,0.4221863698855054,7.455609380558949,0.39817478281968377
18400000000,7.47882780636444,0.38178696761571074,7.4645218793256,0.3612694391824305
18450000000,7.4845074081863086,0.3461549184451693,7.473433546497809,0.3243638674201952
18500000000,7.494954125349036,0.30850595002431336,7.482344445873414,0.2874580850666759
18550000000,7.505581155388901,0.27068757837598023,7.491254513584572,0.25055207460604834
18600000000,7.511932835713982,0.23522028697145259,7.500163813434471,0.21364585357064092
18650000000,7.519522584773872,0.19897013028903232,7.50907228154993,0.1767394044460041
18700000000,7.529495552249078,0.16152767192496154,7.517979981739492,0.13983274476310326
18750000000,7.538759902915639,0.12421106238002122,7.526886850124594,0.10292585700886114
18800000000,7.544838515745537,0.08890421508954349,7.53579295051915,0.0660187587128731
18850000000,7.553174194370649,0.05350911996336094,7.544698219039235,0.029111432363438494
18900000000,7.564492484795525,0.016141977294543253,7.553602719504125,-0.0077961045112194816
18950000000,7.571300608448392,-0.020895701476898898,7.562506388024524,-0.04470386942142435
19000000000,7.578797847813668,-0.05623861279916664,7.571409288425068,-0.08161184484031908
19050000000,7.589154607784945,-0.09411446200076135,7.5803113568111264,-0.11852004827685064
19100000000,7.597628562231488,-0.13127500209307025,7.589212657012675,-0.1554284622055362
19150000000,7.607385763174683,-0.16780338721440852,7.598113125129679,-0.19233710413394228
19200000000,7.613451571637521,-0.20466876367620623,7.607012824997517,-0.2292459565379596
19250000000,7.623620166603839,-0.24101957084824616,7.615911692710805,-0.2661550369237746
19300000000,7.6313501489425235,-0.2767764197220559,7.62480979211025,-0.3030643277686482
19350000000,7.643337049419679,-0.31584260517918794,7.633707059285118,-0.3399738465773905
19400000000,7.648735389868581,-0.3509835441340466,7.642603558081474,-0.3768835758286317
19450000000,7.658455654978277,-0.38759390807475247,7.651499224583215,-0.4137935330258058
19500000000,7.666679944661298,-0.42550838894373744,7.660394122641788,-0.4507037006489169
19550000000,7.675641269709164,-0.4618931498846409,7.669288188335704,-0.4876140962000146
19600000000,7.684455435038617,-0.49892593392365536,7.678181485521764,-0.5245247021604778
19650000000,7.6914244516845205,-0.5348199773483517,7.687073950273126,-0.5614355360309771
19700000000,7.701238460363562,-0.5724732083114553,7.695965646451965,-0.5983465802942654
19750000000,7.709989801832564,-0.6098521418489709,7.704856510126062,-0.6352578524496315
19800000000,7.718979878173373,-0.6479166341114876,7.713746605161029,-0.6721693349803344
19850000000,7.726119337423082,-0.6832888009407575,7.722635867603129,-0.7090810453921432
19900000000,7.737121469955853,-0.7215135983951972,7.7315243613822435,-0.7459929661510047
19950000000,7.746025882232287,-0.7590119801779934,7.740412022477555,-0.7829051147787045
20000000000,7.758928035617305,-0.7941966187382428,7.749298914846294,-0.8198174737367188
20050000000,7.768073263932946,-0.8320680922728751,7.758184974437571,-0.856730060551111
20100000000,7.774527317947905,-0.8690176776636833,7.767070265321506,-0.893642857666384
20150000000,7.7831127394908695,-0.9064276947019392,7.775954723256376,-0.9305558826292064
20200000000,7.792359471102531,-0.9423069053102198,7.784838412461523,-0.9674691178723354
20250000000,7.801647145944565,-0.9795905625534579,7.793419139988725,-1.0044709001274736
20300000000,7.8130977578807865,-1.0203607073029677,7.801404123184886,-1.0416435969247066
20350000000,7.822361097462379,-1.0579360253980101,7.808083765652583,-1.0791085208115576
20400000000,7.828367091012459,-1.0945008799687546,7.813647515110565,-1.116811850107887
20450000000,7.837015107832253,-1.1350832528965413,7.817783959980968,-1.1547335293230474
20500000000,7.840417750386304,-1.1707230865856262,7.821091003062884,-1.1928104563298891
20550000000,7.842166452819611,-1.2076487457955531,7.8240211167282485,-1.2310056256113688
20600000000,7.845201501729936,-1.2470996460184711,7.826661587642542,-1.2692563803079715
20650000000,7.848845669338601,-1.2839434553897942,7.828634258500859,-1.307558292998189
20700000000,7.847642889915114,-1.3218604280769468,7.8297617197631855,-1.3458781599478686
20750000000,7.8488625187142596,-1.3592293173295915,7.83001120229256,-1.3841993215257857
20800000000,7.853114490741263,-1.3990671222615272,7.829548713504325,-1.4225201336301354
20850000000,7.8505166038187575,-1.4382953490733374,7.829246533857669,-1.4607989579815799
20900000000,7.850615977989525,-1.4766168165886353,7.828941392812533,-1.499089829695023
20950000000,7.852100430987937,-1.517717443367849,7.8286314618212955,-1.537369195835654
21000000000,7.856219422552987,-1.5580872707578046,7.828309754116452,-1.575657366785356
21050000000,7.848677916649913,-1.599719511724595,7.827976508013794,-1.6139457470135739
21100000000,7.850056968175195,-1.635398392276246,7.827801925112196,-1.652234577446042
21150000000,7.847349215294643,-1.6707187137145256,7.82767904660165,-1.6905248703264601
21200000000,7.845102414656133,-1.706700836799774,7.827557222079795,-1.7288152104947843
21250000000,7.846717694429776,-1.7475612220602432,7.827436572189065,-1.767105603303094
21300000000,7.845321314835459,-1.7833590620167574,7.827317006684661,-1.8053960446764479
21350000000,7.846743092633729,-1.8239907243772069,7.8271986159699924,-1.8436865386303523
21400000000,7.844595158035723,-1.8602210056193154,7.827081309711522,-1.881977081090994
21450000000,7.842806650409824,-1.8965798272257728,7.8269651783183996,-1.9202676760690105
21500000000,7.845189864813319,-1.9371745340731747,7.826850131451286,-1.9585583194954466
21550000000,7.8426730868390075,-1.9714446426687338,7.826736259525113,-1.9968490153760747
21600000000,7.843911752965069,-2.011102278757082,7.826623472194759,-2.035139759646789
21650000000,7.842653913110475,-2.047086947261909,7.826511859880997,-2.073430556308497
21700000000,7.840398365323571,-2.0860404466830005,7.826401332232846,-2.1117214013019505
21750000000,7.84165542407051,-2.126481376806999,7.826291979676878,-2.150012298623186
21800000000,7.8419105929092625,-2.1639230924347275,7.826183711856315,-2.1883032442178125
21850000000,7.84101805755281,-2.201866489598576,7.826076619203558,-2.226594242076998
21900000000,7.837961811616745,-2.2371781897299656,7.825970611355993,-2.2648852881512083
21950000000,7.839076952318283,-2.276655187892155,7.825865778751863,-2.3031763864267405
22000000000,7.842553861496052,-2.3251112137306587,7.825762031022714,-2.3414675328589203
22050000000,7.840593015058743,-2.360187474111622,7.825055179676065,-2.3797472416121295
22100000000,7.841564170391991,-2.401043962163402,7.8233903629763635,-2.417996763965019
22150000000,7.838585066012554,-2.4392533407764976,7.820830959418561,-2.4561796060459997
22200000000,7.835572388007141,-2.4763215574264152,7.817416600376804,-2.4942800711890607
22250000000,7.831804186395948,-2.511605345066998,7.813072410971744,-2.532269613656751
22300000000,7.827692106083194,-2.5489743169016053,7.807868686461232,-2.570136533607821
22350000000,7.8203251385516666,-2.577452736756962,7.801731218346928,-2.607848354931629
22400000000,7.814412396578219,-2.6294493935609706,7.794730198252301,-2.645396268714369
22450000000,7.805585364284859,-2.664544270219628,7.786855125963585,-2.6827367976820566
22500000000,7.802932242836903,-2.7028001163682274,7.778181281487575,-2.719859561210815
22550000000,7.7960066817825515,-2.7363279123206374,7.768461193204699,-2.756702436337698
22600000000,7.787236370540011,-2.772871324148104,7.757955601038164,-2.7932972143058814
22650000000,7.777901283061028,-2.8112950352778157,7.7465576586398885,-2.8295809552125006
22700000000,7.765845710036981,-2.849299510318773,7.734333472717966,-2.8655077064630188
22750000000,7.754317032731577,-2.880773411859044,7.721212099070492,-2.9009909846003215
22800000000,7.738418150128495,-2.9180543138794017,7.706865643485786,-2.9359621295206804
22850000000,7.724099238508662,-2.954129108342261,7.691193702166679,-2.9703289702837985
22900000000,7.70852535012584,-2.986063040100116,7.674321415618829,-3.004093378658955
22950000000,7.691486694250962,-3.0196882729686645,7.656173272322839,-3.0371566365219524
23000000000,7.673430683662907,-3.0478711954543765,7.636860405763572,-3.069546274935804
23050000000,7.653307619718481,-3.0848027940514364,7.616315528776802,-3.101164995291802
23100000000,7.632062647689763,-3.124435154912148,7.594661639769475,-3.13202519483802
23150000000,7.611282223764478,-3.158506095534152,7.571833603784318,-3.162020741512297
23200000000,7.588948643454014,-3.1873495316657534,7.547954523191963,-3.1911790067710943
23250000000,7.5661009654316596,-3.2155513078065097,7.522986068531251,-3.219371447510957
23300000000,7.541113433351283,-3.244932163813938,7.497049277775014,-3.24663666663453
23350000000,7.518525662137162,-3.2706282842268797,7.470080142179944,-3.2728758154676347
23400000000,7.488094224226268,-3.2927526090677577,7.442189764918885,-3.2981372960376567
23450000000,7.463466760602427,-3.3171525120076377,7.413339018610365,-3.322305337472568
23500000000,7.43046021446893,-3.343329110471076,7.383637586860756,-3.34543359058968
23550000000,7.3957188360207455,-3.3794547617659254,7.353054535001895,-3.36740381878128
23600000000,7.367756097885637,-3.4124860762809135,7.321758888869963,-3.3883740713987374
23650000000,7.339203456893878,-3.4294165245045387,7.290039426287915,-3.4087309670236325
23700000000,7.305082545325858,-3.4493384272171808,7.258204866443373,-3.4289126656285727
23750000000,7.27252341615632,-3.4675172505314937,7.226369774478201,-3.449093548354596
23800000000,7.23858698615886,-3.4873005392948606,7.194534501265986,-3.469274153145202
23850000000,7.208563286926672,-3.506999061107415,7.162699031921383,-3.4894544571990003
23900000000,7.1749086778508575,-3.5240876488457644,7.130863381532857,-3.509634483626622
23950000000,7.14339762244707,-3.546686695825452,7.0990275350093,-3.5298142092917564
24000000000,7.113879502682854,-3.563045060827371,7.06719150742944,-3.549993657303116
24050000000,7.079122604453714,-3.5874885095664863,7.035355283701524,-3.570172804522162
24100000000,7.048931189697184,-3.604849793992557,7.003518878905995,-3.5903516740668846
24150000000,7.015459483187675,-3.6255601382034546,6.971682277958719,-3.61053024278677
24200000000,6.984238653702559,-3.646752082699216,6.939845495929314,-3.630708533808257
24250000000,6.952383095736012,-3.6654093572221,6.908008517732835,-3.650886523974397
24300000000,6.920663654189516,-3.68599994878306,6.876171358448415,-3.671064236420966
24350000000,6.887888823281994,-3.708031673462313,6.8443340029893704,-3.6912416479801466
24400000000,6.852510218256592,-3.7334918311611682,6.812496466430646,-3.711418781795565
24450000000,6.8197613803301556,-3.7499952795444895,6.780658733680079,-3.731595614695819
24500000000,6.790405389609949,-3.7750015713680938,6.748820819830813,-3.751772169826406
24550000000,6.754218503376652,-3.7926047844150603,6.716982709770546,-3.7719484240123045
24600000000,6.725021510969206,-3.808588692193074,6.6851444185996325,-3.7921244003996257
24650000000,6.693073984991388,-3.8322748267992526,6.653305931210486,-3.812300075822523
24700000000,6.6644613824398995,-3.853324529688996,6.621467262703595,-3.8324754734138895
24750000000,6.632026518537225,-3.8731037085143,6.589628397966914,-3.8526505700168685
24800000000,6.598288354735872,-3.891754788632707,6.557789352095865,-3.8728253887605977
24850000000,6.56660352438107,-3.914279459771163,6.525950109991772,-3.89299990648934
24900000000,6.5351132771097316,-3.9333985318968727,6.494110686740926,-3.913174146331203
24950000000,6.504470155319073,-3.954464344377524,6.462271067244069,-3.9333480851282308
25000000000,6.456402365942973,-3.9748973398022884,6.430175014916893,-3.953118699937927
25050000000,6.424917589735584,-3.9965427139287515,6.397598082369324,-3.9720951578338832
25100000000,6.389952546584045,-4.015892349827465,6.364346340303444,-3.9899237343333622
25150000000,6.35765893171172,-4.029609555354605,6.330432514208384,-4.006610187932694
25200000000,6.325450777111117,-4.049898512605728,6.295968522247422,-4.022171973131215
25250000000,6.29293069456069,-4.063848963509726,6.260944027360489,-4.036554118331478
25300000000,6.25739253939239,-4.075583877718562,6.225449328173268,-4.049741165670183
25350000000,6.220915984938215,-4.09244252055496,6.189462465565542,-4.061602982268221
25400000000,6.186511183912432,-4.098855019070118,6.153056901133125,-4.072181129585712
25450000000,6.1420642042328275,-4.117276774928862,6.116330485211449,-4.081726460054183
25500000000,6.105271983742696,-4.124053036122109,6.079438187833402,-4.09068628740999
25550000000,6.06600241758435,-4.130997668894052,6.042534639010091,-4.099605326659807
25600000000,6.029890667877216,-4.138262937323217,6.005630872214288,-4.108523571885282
25650000000,5.991957179383227,-4.150452575886735,5.968726877218119,-4.117440985628188
25700000000,5.95501243258561,-4.161594629245242,5.931822671562275,-4.126357631891771
25750000000,5.915424037393101,-4.167659882505582,5.894918237745889,-4.135273446652841
25800000000,5.877297877393292,-4.1753662951824015,5.858013593284708,-4.144188493874493
25850000000,5.8442993359058475,-4.184879269101992,5.8211087206808045,-4.153102709523646
25900000000,5.808602572705015,-4.192852187120313,5.784203637448572,-4.162016157568765
25950000000,5.77141690941909,-4.201761449578556,5.747298326091505,-4.170928773971375
26000000000,5.733588836721999,-4.209895612563171,5.710392804122614,-4.179840622705328
26050000000,5.6971352854562785,-4.218786656334227,5.673487054046749,-4.188751639726759
26100000000,5.65206377796932,-4.232880440500536,5.636581093375552,-4.197661889014908
26150000000,5.616426046537737,-4.243350982390402,5.599674904615261,-4.206571306520518
26200000000,5.582122046957604,-4.252089059906753,5.562768505276148,-4.215479956228216
26250000000,5.544535097520081,-4.258225832020404,5.525861877865826,-4.224387774083356
26300000000,5.500608814969,-4.271098188018651,5.488955039893179,-4.233294824075951
26350000000,5.464444414871578,-4.27970841462779,5.452047973867218,-4.242201042145963
26400000000,5.430530098432199,-4.288109902639006,5.415140697295476,-4.251106492288796
26450000000,5.39051883032032,-4.299843274385176,5.37823319268831,-4.260011110439018
26500000000,5.3493857688169175,-4.307871676844323,5.3413254775518855,-4.268914960597423
26550000000,5.3121646133225395,-4.315956294166156,5.304417534397929,-4.277817978693185
26600000000,5.279349965121682,-4.324670596534606,5.267509380731264,-4.286720228732486
26650000000,5.238441046492122,-4.329843010827646,5.230600999064999,-4.295621646639111
26700000000,5.200548180806697,-4.341144678312608,5.193692406902526,-4.304522296424629
26750000000,5.164402249631345,-4.34727881679151,5.156783586758373,-4.313422114007432
26800000000,5.126259386606757,-4.356400496129927,5.119874556134574,-4.32232116340448
26850000000,5.08578310106587,-4.3659660208794735,5.082965297547005,-4.331219380528772
26900000000,5.051972286107893,-4.374202502096266,5.046055828496366,-4.340116829402654
26950000000,5.0135183383234265,-4.383252342401219,5.009146131499886,-4.349013445933735
27000000000,4.97012337090519,-4.395403761919375,4.97223622405688,-4.357909294149751
27050000000,4.928871393179966,-4.405213745415407,4.935326088685985,-4.366804309952917
27100000000,4.896853977572239,-4.411121084766939,4.898415742885129,-4.375698557376358
27150000000,4.8532976587841,-4.424205436775352,4.8615051691743325,-4.384591972316896
27200000000,4.816389594444041,-4.432059450805784,4.824594385050146,-4.393484618813049
27250000000,4.776769790662394,-4.440976323366022,4.787683373033978,-4.402376432756241
27300000000,4.741294873784031,-4.448937219195073,4.750772150621005,-4.411267478190381
27350000000,4.703671289779305,-4.4591219053204005,4.713860700333996,-4.420157691001501
27400000000,4.666622951030575,-4.465204743749098,4.676892106227632,-4.42884161093524
27450000000,4.629658428674282,-4.4752395674629595,4.639770148376634,-4.436971437878162
27500000000,4.591458963479086,-4.483058318997182,4.602374896444617,-4.444147496363501
27550000000,4.553332184932231,-4.490920639427325,4.564729749427629,-4.450051045374701
27600000000,4.517339515319316,-4.495381915797549,4.526881461170861,-4.454758380973438
27650000000,4.478990978019847,-4.501255799520288,4.48884931701812,-4.458313636714795
27700000000,4.440792228600534,-4.508400826258169,4.450693318893547,-4.461379924762073
27750000000,4.40192183812633,-4.510354795135348,4.412446462187839,-4.464085778602768
27800000000,4.366972264844399,-4.513009992703422,4.374151614121596,-4.466349889862244
27850000000,4.326613956877782,-4.516635215386768,4.335835240497833,-4.467821877776462
27900000000,4.288185261507548,-4.5183433683358984,4.29751294214835,-4.468557259095894
27950000000,4.2446362044662145,-4.518430616570635,4.259183057928606,-4.468494641011669
28000000000,4.209030851093748,-4.516672327042662,4.220855259544999,-4.46842923448571
28050000000,4.169576932303978,-4.517559271595116,4.182527222999482,-4.46835690982895
28100000000,4.132321151208183,-4.516036625411094,4.144206950930611,-4.468285808597972
28150000000,4.094173612736938,-4.514816770868343,4.105887958391117,-4.468248889833655
28200000000,4.056372356488354,-4.51407070657868,4.067565172752117,-4.468183285436479
28250000000,4.017762619505753,-4.513634814158937,4.029249820106333,-4.468131202843411
28300000000,3.975292398746141,-4.517435942622289,3.9909335282262486,-4.4679161665991565
28350000000,3.936166108617571,-4.518542505922692,3.9526344036883096,-4.467164093748889
28400000000,3.897421939900525,-4.51601737398232,3.914368739860509,-4.465609201626177
28450000000,3.8598466485233844,-4.512809629645056,3.8761791756314317,-4.463144636058418
28500000000,3.8239716998898894,-4.509984457289433,3.838054755294229,-4.459821625933254
28550000000,3.785642369339688,-4.505547401106188,3.800033236869293,-4.455577711409006
28600000000,3.7460704450431663,-4.502060774529294,3.7621283630747495,-4.450473818466582
28650000000,3.7100057691403223,-4.496601799263393,3.7243796106661353,-4.444440306518707
28700000000,3.6719044973462083,-4.49002442959854,3.686803969826064,-4.437647775640506
28750000000,3.6372944702769674,-4.480825743302853,3.649427702491307,-4.430008822524629
28800000000,3.5984493975726317,-4.474547415040659,3.612244204976213,-4.42155614393478
28850000000,3.560895416408735,-4.465457007004597,3.575290759032706,-4.412215995505601
28900000000,3.526784677496358,-4.45612132906731,3.538570860214412,-4.402098906799251
28950000000,3.489693265811482,-4.447447015126842,3.5021405936485692,-4.391110667125704
29000000000,3.454054598382447,-4.4349568796468555,3.4660203027261662,-4.379275402235842
29050000000,3.416969284838927,-4.424501050427896,3.430320498067987,-4.36660944549952
29100000000,3.37287074798083,-4.412339567735776,3.395091652554436,-4.352873768857791
29150000000,3.3366890648579597,-4.400001316998295,3.3604434890822095,-4.337807716396615
29200000000,3.3008821467414133,-4.38136860328373,3.326377667520364,-4.321532375560665
29250000000,3.2711149419551315,-4.365156005825559,3.292985277899197,-4.303964681112919
29300000000,3.2371069046358305,-4.3471843108950345,3.260251073151496,-4.285224454916202
29350000000,3.203823577858683,-4.327145843184841,3.2282755888259604,-4.26523917858113
29400000000,3.166215541469733,-4.30545180564224,3.1967146234091484,-4.244605801753585
29450000000,3.14022069049841,-4.285955648310893,3.165426014305096,-4.223609007491538
29500000000,3.100383443538545,-4.264746243585348,3.1341386969774927,-4.202610356180343
29550000000,3.066207267087944,-4.241936745012109,3.1028512039155327,-4.181611960369718
29600000000,3.0355042695217698,-4.218331970255479,3.071563545046823,-4.160613805628008
29650000000,2.998282215133591,-4.199923545018161,3.0402757065440404,-4.139615912059827
29700000000,2.9700905576497125,-4.174180608534309,3.0089877022253244,-4.11861825958758
29750000000,2.9416782311362755,-4.151575979598686,2.9776995182619803,-4.097620868313367
29800000000,2.9077655488267404,-4.129839419658552,2.946411168469483,-4.076623718157072
29850000000,2.87608844510543,-4.109221490831297,2.9151226390235614,-4.055626829224396
29900000000,2.8398552588606147,-4.092885168945165,2.8838339437351035,-4.034630181430976
29950000000,2.813006769272559,-4.071009426368527,2.852545068787931,-4.013633794884571
30000000000,2.7775134837493183,-4.049005298006589,2.8212560279892056,-3.9926376495019342
30050000000,2.747440106841644,-4.027117805973964,2.7899668075146025,-3.9716417653895837
30100000000,2.715851194413594,-4.004508864474271,2.758677421180865,-3.9506461224622496
30150000000,2.6809377642360186,-3.985397602039918,2.7273878551595647,-3.9296507408308567
30200000000,2.6519318002471177,-3.9628775245887815,2.6960981232714456,-3.908655600405293
30250000000,2.6202628181254735,-3.9417591558675094,2.6648082116858856,-3.887660721301951
30300000000,2.589222271321017,-3.9203503774335147,2.6335181342209832,-3.866666083428153
30350000000,2.560391783952057,-3.8991315854775945,2.602305218606279,-3.8455603120159276
30400000000,2.5262635219220932,-3.8761548623147735,2.5714676901395475,-3.823932850951139
30450000000,2.4946333954237994,-3.8548233281790734,2.541370179400513,-3.8013140399717633
30500000000,2.4658159737254155,-3.833832446279103,2.512106059670556,-3.777642356768721
30550000000,2.436816639296744,-3.8082417453027384,2.4837843550041807,-3.752862056284571
30600000000,2.4059250795197498,-3.784287256212278,2.4563678912160736,-3.727089418327633
30650000000,2.3783151617950926,-3.755028337263825,2.4299691408248254,-3.7002766877080564
30700000000,2.357283072889553,-3.7279222326839268,2.404235915900172,-3.672812183008361
30750000000,2.332232045542544,-3.698091378086632,2.3789378816189917,-3.6449393598115796
30800000000,2.3043926280519775,-3.6699268176106496,2.3536479429996167,-3.6170591472512186
30850000000,2.2789904383193575,-3.6414532561171375,2.328358084870814,-3.589178861253588
30900000000,2.255924293388573,-3.6125172586326526,2.303068281174509,-3.561298525595266
30950000000,2.222057971724919,-3.583839984229721,2.2777785364329226,-3.5334181361535384
31000000000,2.1875519777107533,-3.5538138805161203,2.25248884611449,-3.50553769706002
31050000000,2.1654469325846497,-3.524083296144729,2.2271992147576807,-3.477657204173996
31100000000,2.137497188466603,-3.4959679253750235,2.201909637828779,-3.449776661632235
31150000000,2.111223579243567,-3.4684047961479236,2.1766201198665875,-3.421896065291615
31200000000,2.085257423340896,-3.438944875430663,2.1513306563370644,-3.39401541929131
31250000000,2.0583034588752236,-3.4122441126520755,2.126041251777645,-3.3661347194948066
31300000000,2.0387636670720326,-3.3793765255562023,2.100751901655636,-3.338253970034671
31350000000,2.0135707754466403,-3.3526918470539684,2.0754626105106517,-3.3103731667692022
31400000000,1.9871145703563249,-3.3248944059091436,2.0501733738078176,-3.282492313836154
31450000000,1.9629534878443178,-3.293934902793555,2.0248841960871466,-3.254611407091416
31500000000,1.9375802293349182,-3.2680185630092398,1.999595072813369,-3.22673045067515
31550000000,1.910209133166756,-3.238062155948618,1.9743060085251278,-3.1988494404498558
31600000000,1.8827638305434895,-3.2082917844324403,1.9491025633634769,-3.1708904556338373
31650000000,1.8584696594756849,-3.180951578773028,1.9244344623146787,-3.1424642898269335
31700000000,1.8365878818013983,-3.152122274545072,1.9006332885652188,-3.1133066903365485
31750000000,1.813677744025416,-3.1210252056294525,1.877615544403401,-3.0835078570842027
31800000000,1.7904153440812776,-3.0907349992451523,1.855018944261756,-3.0533787310212297
31850000000,1.7658646937267717,-3.0594489259205524,1.8324378092285265,-3.0232377992620707
31900000000,1.7438969485493978,-3.028437687295814,1.809856855197856,-2.9930967295166138
31950000000,1.7204482627854332,-3.0004748934803627,1.7872760864129464,-2.962955518551802
32000000000,1.6977673935751643,-2.9695171204047117,1.7646954886071828,-2.9328141772451044
32050000000,1.6770079617172207,-2.9389835445118706,1.7421150760372814,-2.902672694729887
32100000000,1.656126591851919,-2.9106495974871884,1.719534834462154,-2.8725310818638894
32150000000,1.6339989300762199,-2.880188881271299,1.6969547781398298,-2.842389327779721
32200000000,1.6111738310566386,-2.8499059626352987,1.6743748928279505,-2.812247443335864
32250000000,1.587420204994651,-2.819761273882174,1.6517951927858618,-2.782105417664186
32300000000,1.5633281302047728,-2.7899452156796305,1.6292156637698536,-2.75196326162391
32350000000,1.5424367804420418,-2.76090047628703,1.6066363200406002,-2.721820964346162
32400000000,1.520477580511345,-2.73128346847082,1.5840571473531089,-2.691678536690908
32450000000,1.498457024129318,-2.701084552393527,1.5614781599693472,-2.661535967788529
32500000000,1.4757278234116247,-2.669924202246583,1.538899343643001,-2.6313932684997345
32550000000,1.4546235576654076,-2.6405692197327526,1.5163207126373237,-2.6012504279541635
32600000000,1.4327544849562517,-2.610930599631488,1.4937422527047437,-2.571107457013267
32650000000,1.4093065076825333,-2.57755056514263,1.4711639781098196,-2.5409643448059414
32700000000,1.3876717272927823,-2.5490053343425503,1.448585874603646,-2.510821102194381
32750000000,1.3643805380650824,-2.5155352671647626,1.4260079564520947,-2.4806777183067386
32800000000,1.3433961080309222,-2.4845810354014843,1.4034302094049576,-2.45053420400595
32850000000,1.3182599347586612,-2.455093759569456,1.380852647729423,-2.420390548419425
32900000000,1.2989443103394773,-2.4246861123593186,1.3582752571739736,-2.3902467624108423
32950000000,1.2783067048523562,-2.391153685773737,1.3356980520071122,-2.360102835106872
33000000000,1.2553424917350442,-2.3650804747989302,1.3131210179759965,-2.329958777371933
33050000000,1.2335047443913518,-2.334127901784454,1.2905441693504418,-2.2998145783319495
33100000000,1.2089282743841865,-2.3033849532747896,1.267967491876293,-2.269670248852086
33150000000,1.1866385873155152,-2.2722454028503107,1.2453909998246875,-2.2395257780575246
33200000000,1.1674878638906034,-2.244391925883859,1.222814678940166,-2.20938117681417
33250000000,1.1387088281870255,-2.211881087075782,1.2002385434951641,-2.179236434246463
33300000000,1.1221120424565907,-2.182441118423133,1.177662579232928,-2.149091561221051
33350000000,1.095758900129769,-2.1538487349786193,1.1550868004271955,-2.118946546861631
33400000000,1.0785419140660686,-2.1159443407161205,1.1325111928199139,-2.088801402035592
33450000000,1.0600790170840262,-2.088680058833384,1.1099357706861177,-2.0586561158658885
33500000000,1.0380874533363045,-2.058082783355321,1.0873605197664329,-2.028510699220653
33550000000,1.0164341020048546,-2.026946811207477,1.0647854543372208,-1.9983651412220973
33600000000,0.994543793430724,-1.9964773241788194,1.0422105601378124,-1.9682194527390964
33650000000,0.9701977099815235,-1.96451124414261,1.0196358514458623,-1.9380736228931177
33700000000,0.9505046828144885,-1.9329595074749402,0.997061313999394,-1.9079276625537798
33750000000,0.9219058336025951,-1.9011800892181663,0.9744869620773535,-1.8777815608418078
33800000000,0.9041927108359453,-1.872023035214057,0.9519127814164801,-1.8476353286275624
33850000000,0.8805828638728599,-1.8410396547919978,0.9293387862970484,-1.8174889550310236
33900000000,0.8528045396993607,-1.8127548732892356,0.9067649624544547,-1.7873424509232954
33950000000,0.8310846988209466,-1.781472024718973,0.884191324170299,-1.75719580542362
34000000000,0.80433262263263,-1.7506401828228983,0.8616178571786772,-1.727049029403838
34050000000,0.7868352215453043,-1.7193258709900512,0.8390445757624541,-1.6969021119824488
34100000000,0.7681937094299638,-1.6889855805803515,0.8164714656544643,-1.666755064032038
34150000000,0.7413326906584241,-1.657755098925167,0.7938985411388835,-1.636607874670362
34200000000,0.7152854247192137,-1.627719087830981,0.7713257879472213,-1.6064605547707491
34250000000,0.6914078015955467,-1.5973133121598826,0.7487532203649554,-1.5763130934502105
34300000000,0.6677577521904579,-1.5672907814879646,0.7261808241222933,-1.54616550158282
34350000000,0.6453726228410828,-1.5327817891066013,0.703608613506022,-1.5160177682848408
34400000000,0.6238824932915294,-1.504584000173995,0.6810365742450397,-1.4858699044310932
34450000000,0.605685020038325,-1.4737391668746085,0.6584647206274621,-1.4557218991370988
34500000000,0.5765936629038961,-1.4432281421370146,0.6358930383808623,-1.4255737632784191
34550000000,0.5527020491661001,-1.411527967186645,0.6133215417946705,-1.3954254859698314
34600000000,0.5298106583573694,-1.380522024786187,0.5907502165951595,-1.365277078087641
34650000000,0.5112628337315388,-1.3508790007150684,0.5681790770730579,-1.3351285287458838
34700000000,0.48760695115010444,-1.3222558046700983,0.5456081089533331,-1.3049798488216044
34750000000,0.4667797446891413,-1.2874205016012616,0.5230373265280264,-1.2748310274280943
34800000000,0.4439042885396782,-1.2523792207606674,0.5004667155207816,-1.2446820754431438
34850000000,0.4228155363728483,-1.2220786050570802,0.47789629022494395,-1.2145329819793038
34900000000,0.39883369674639013,-1.19227427320152,0.4553260363628855,-1.1843837579151035
34950000000,0.3780515840402434,-1.1619610769964361,0.43275596822925166,-1.1542343923623521
35000000000,0.35329367559747116,-1.1312026672844375,0.41018607154507514,-1.1240848962003225
35050000000,0.3315078815416226,-1.1005855408411795,0.3881401037972463,-1.093547832390098
35100000000,0.3045374526249254,-1.070560817477208,0.3668686914222281,-1.062463924149757
35150000000,0.29165540248397903,-1.0374661448682676,0.3468016279188877,-1.0305687766096217
35200000000,0.2664298180879294,-1.0070701413060386,0.3278744785661498,-0.9979623121631452
35250000000,0.2500151566268811,-0.9747063058353205,0.3101998094063898,-0.964631075235667
35300000000,0.23209470027291124,-0.940749578236464,0.2936379487494012,-0.9306770539854514
35350000000,0.2173341195652152,-0.9092191634932829,0.27839540815933184,-0.8961005456313702
35400000000,0.19827361446094693,-0.8726114513699769,0.2643504488735875,-0.8609843932037875
35450000000,0.18708054082646353,-0.8346230873553455,0.2516425567832776,-0.8253303497472602
35500000000,0.17481151948118434,-0.8000437281758657,0.24008772628214636,-0.7892336704074348
35550000000,0.16141962212209515,-0.7653260755692154,0.22977428338825767,-0.7527128290142198
35600000000,0.12469829178968306,-0.716392849510814,0.22059543926793523,-0.7158422706717325
35650000000,0.11666105627785184,-0.681734912251975,0.2126002227871009,-0.6786289186481032
35700000000,0.1028095588829605,-0.6454460761455187,0.20593731842164154,-0.6411672130673871
35750000000,0.09919244973040353,-0.6045963923037906,0.20050788218635596,-0.603466608888581
35800000000,0.09962848223993381,-0.5695762273134853,0.19638983783415398,-0.565543697184208
35850000000,0.091949845104069,-0.5300316086049781,0.19312179408106633,-0.5274551004051213
35900000000,0.09597546237269228,-0.49329873135675206,0.19014468310800936,-0.4892515366762051
35950000000,0.09067690335250411,-0.4517204930969399,0.18756470177666884,-0.45099428101139843
36000000000,0.08454098011496303,-0.41004439008265714,0.1855652070079934,-0.4127056025038191
36050000000,0.07679875757282018,-0.37886526348010446,0.1844763379339458,-0.3743804074516301
36100000000,0.08017346071353204,-0.338086546637026,0.1842009456478202,-0.3360569070721286
36150000000,0.08011644566735132,-0.2991841705717611,0.1848070930182102,-0.29775215458825177
36200000000,0.07713067957220021,-0.25938192289918727,0.1862132792419029,-0.2594876576516429
36250000000,0.08223334892522205,-0.22214300183360708,0.18851882368801132,-0.22127699315135607
36300000000,0.08347103734690808,-0.18591682533540843,0.19168975196118687,-0.1831369631826556
36350000000,0.09112287368656036,-0.14746246555733394,0.19577833480716222,-0.1451002028612129
36400000000,0.09587070923735963,-0.1098669167522669,0.20072480917180968,-0.10717635155443517
36450000000,0.09577857408487578,-0.06774914486781858,0.2066099449755514,-0.06939223738102906
36500000000,0.10231831023658389,-0.03154896609294333,0.2133127985465073,-0.03177659289092005
36550000000,0.10823552755768784,0.007964237774771399,0.22082535073810128,0.005635831199557684
36600000000,0.11801527036239134,0.045755709706319925,0.2291739975921292,0.04284445953679672
36650000000,0.12670535074651434,0.08397850819496733,0.23841434734711076,0.07982563826291522
36700000000,0.1348150731814095,0.1214358260067917,0.24843371339003717,0.11657619826844756
36750000000,0.14702476179959723,0.15932627225797902,0.2593189861234224,0.15304227538553317
36800000000,0.157527945010842,0.1972385401443737,0.2710458674744327,0.18920352732238255
36850000000,0.1715613212900955,0.2301764301990633,0.2836104242839568,0.22495381293308447
36900000000,0.301426410862097,0.26459060841408255,0.2971962676993254,0.2602482577091405
36950000000,0.3158432513417724,0.29509953058834704,0.3121177476930139,0.294966640441368
37000000000,0.33085687014679577,0.3322106235574509,0.32780954199986034,0.32933038564374095
37050000000,0.3497434063640332,0.3624983829011824,0.34360919618723074,0.36363868481591766
37100000000,0.36543243424072136,0.40069864492090923,0.3583409372927644,0.3984443412465608
37150000000,0.38148446725402874,0.4360694449073309,0.3717425390584008,0.4338187573886958
37200000000,0.396913452937282,0.47192436052685693,0.38393436053745056,0.46966565295856577
37250000000,0.4107647789144844,0.5043083833098502,0.39487834384920006,0.5059819537258553
37300000000,0.42133396125467515,0.5428331185034639,0.40464662101906335,0.5426770952473315
37350000000,0.4333157536912373,0.5798402042111889,0.41306740403553555,0.5797340681030886
37400000000,0.4413867095298647,0.6162481790549524,0.4206304212102925,0.617001574102637
37450000000,0.4484836092453075,0.6572022721406633,0.42845411769004116,0.654329983273123
37500000000,0.45625240469897044,0.6914417746795053,0.43708026716929105,0.6914708871020275
37550000000,0.46586349216458967,0.7282284017404034,0.4465849229151466,0.7283773534523558
37600000000,0.4760555690706969,0.763413958631122,0.45686664796631327,0.7650449084860881
37650000000,0.48645638803145275,0.8017627106665969,0.4680283805558201,0.8014137353206271
37700000000,0.49700388796187545,0.8400777700454279,0.48004889398390027,0.8374670427695156
37750000000,0.5065880630170994,0.8737042172076831,0.49287616239597476,0.8730670233725676
37800000000,0.5210439618652059,0.9103514605275796,0.5068796511639402,0.9081828894221701
37850000000,0.5366064432755211,0.9469466456646459,0.5222099271560143,0.9427080927344692
37900000000,0.5486079373479886,0.9748082610426377,0.5387452365378049,0.9766421451644071
37950000000,0.5674502188486588,1.0082259626484609,0.55656859539517,1.009894131506162
38000000000,0.5862756893655194,1.0442589724454896,0.5755611124701243,1.0424811489194474
38050000000,0.6098812382361016,1.0806460536928917,0.595793055565089,1.0743000406958658
38100000000,0.6338527341254423,1.1125743962143813,0.6171435926641262,1.1053724284916355
38150000000,0.6500332948646959,1.1383332984713235,0.6396685157129092,1.135593496193648
38200000000,0.669832624061653,1.160344645178783,0.6632524883222803,1.1649876844694833
38250000000,0.6986770248790726,1.1952970525191327,0.6879517828273425,1.193442110653653
38300000000,0.723311018669869,1.2224819545605126,0.7136180012316,1.220964117752462
38350000000,0.7489342447044227,1.2485081202350665,0.7403243449355106,1.247470416620974
38400000000,0.7757190119127406,1.2772505944912984,0.76796104190195,1.2730077337298416
38450000000,0.8047155135542088,1.303632592825004,0.7965683021118011,1.2974606722095614
38500000000,0.8320935775328229,1.3283906058804384,0.8260359456108279,1.3208818523738652
38550000000,0.8589744511316062,1.3485499944962505,0.8563960139191362,1.3431533344200788
38600000000,0.8938113134925683,1.3738211163550278,0.8875422647765969,1.364335318078575
38650000000,0.9243742069123853,1.3965434624881548,0.9194984110320092,1.384307898911568
38700000000,0.9564713007816912,1.4142265648552064,0.9521626690347471,1.403138563808811
38750000000,0.9884426857294422,1.4309130600170619,0.9855519939935071,1.4207196075066104
38800000000,1.0215247625117887,1.4512327785773462,1.0195419516815054,1.4372053947461754
38850000000,1.0538065577762694,1.4676675934657837,1.0541398960562542,1.4524944769321624
38900000000,1.090658782503024,1.4837352420796952,1.0890489886784191,1.4670475726300691
38950000000,1.1237211302410954,1.4968923617639684,1.124129187954539,1.4811753801643848
39000000000,1.1585217288252312,1.512858515089086,1.1592098068786303,1.4952991019483677
39050000000,1.1950919793421415,1.5249497174154527,1.1942906876262693,1.5094222135053323
39100000000,1.2288248898108198,1.5389293203599332,1.2293718036760186,1.523544777489103
39150000000,1.2618216122168298,1.5535678021653538,1.2644531746320382,1.5376667482532902
39200000000,1.2948118724258937,1.5669875523384116,1.2995347808868,1.5517881714052337
39250000000,1.335129274030037,1.5891919671593815,1.3346166420492247,1.5659090012835435
39300000000,1.3749263966780876,1.6084178319468134,1.3696987385117243,1.5800292834996923
39350000000,1.4079694910425204,1.6173379487180695,1.404781089883329,1.5941489723881226
39400000000,1.4442580022499765,1.633698304542333,1.4398636765562838,1.6082681135644665
39450000000,1.4792360155149245,1.647431749366333,1.4749465181397543,1.6223866613590032
39500000000,1.517310866900247,1.6618120346450462,1.5100295950258928,1.6365046613915255
39550000000,1.5488597965759985,1.6734456364725085,1.545112926823963,1.6506220679881483
39600000000,1.5863323940781529,1.6889477905984842,1.5801964939259978,1.6647389267728196
39650000000,1.6245944814595052,1.7052355227565852,1.6152803159413605,1.6788551920674912
39700000000,1.6394405588260423,1.7091461139251272,1.6236898556602046,1.6821421976185014
39750000000,1.6398926154693634,1.7087615716069906,1.6236898556602082,1.6821421976185
39800000000,1.638978712870364,1.7085759049368843,1.6236898556602295,1.6821421976185014
39850000000,1.638955706590632,1.7086627338978975,1.6236898556602295,1.6821421976185014
39900000000,1.6389791969428293,1.7085640219107194,1.6236898556602295,1.6821421976185027
39950000000,1.6389721238648447,1.7085549935779953,1.6236898556602295,1.6821421976185027
40000000000,1.6388983093439766,1.708564423946184,1.6236898556602295,1.6821421976185027
40050000000,1.6389791969428293,1.7085640219107194,1.6236898556602295,1.6821421976185027
40100000000,1.6389721238648447,1.7085549935779953,1.6236898556602295,1.6821421976185031
40150000000,1.6388983093439766,1.708564423946184,1.6236898556602295,1.6821421976185031
40200000000,1.6389791969428293,1.7085640219107194,1.6236898556602295,1.6821421976185031
40250000000,1.6389721238648447,1.7085549935779953,1.6236898556602295,1.6821421976185031
40300000000,1.6388983093439766,1.708564423946184,1.6236898556602295,1.682142197618504
40350000000,1.6389791969428293,1.7085640219107194,1.6236898556602295,1.682142197618504
40400000000,1.6389721238648447,1.7085549935779953,1.6236898556602295,1.682142197618504
40450000000,1.6388983093439766,1.708564423946184,1.6236898556602295,1.6821421976185045
40500000000,1.6389791969428293,1.7085640219107194,1.6236898556602295,1.682142197618505
40550000000,1.6389721238648447,1.7085549935779953,1.6236898556602295,1.682142197618505
40600000000,1.6388983093439766,1.708564423946184,1.6236898556602295,1.682142197618505
40650000000,1.6389791969428293,1.7085640219107194,1.6236898556602295,1.6821421976185054
40700000000,1.6389721238648447,1.7085549935779953,1.6236898556602295,1.6821421976185058
40750000000,1.6388983093439766,1.708564423946184,1.6236898556602295,1.6821421976185058
40800000000,1.6389791969428293,1.7085640219107194,1.6236898556602295,1.6821421976185058
40850000000,1.6389721238648447,1.7085549935779953,1.6236898556602295,1.6821421976185067
40900000000,1.6388983093439766,1.708564423946184,1.6236898556602295,1.6821421976185067
40950000000,1.6389791969428293,1.7085640219107194,1.6236898556602295,1.6821421976185067
41000000000,1.6389721238648447,1.7085549935779953,1.6236898556602295,1.6821421976185067
41050000000,1.6388983093439766,1.708564423946184,1.6236898556602295,1.6821421976185076
41100000000,1.6389791969428293,1.7085640219107194,1.6236898556602295,1.6821421976185076
41150000000,1.6389721238648447,1.7085549935779953,1.6236898556602295,1.6821421976185076
41200000000,1.6388983093439766,1.708564423946184,1.6236898556602295,1.6821421976185076
41250000000,1.6389791969428293,1.7085640219107194,1.6236898556602295,1.6821421976185085
41300000000,1.6389721238648447,1.7085549935779953,1.6236898556602295,1.6821421976185085
